[{"@type":"workflow","id":"@1","name":"VCS_Asset_LTF_FF_FF","maxLogs":10,"references":[{"@type":"reference","refObjectId":"@75dlkBFFoa3b9SV5Pd0gWw","refType":"mtTask"},{"@type":"reference","refObjectId":"@332yafIdG9Qik5s4fhkj61","refType":"dssTask"}],"tasks":[{"@type":"workflowTask","taskId":"@75dlkBFFoa3b9SV5Pd0gWw","type":"MTT","name":"VCS_Asset_LTF_Mapping_Task","stopOnError":false,"stopOnWarning":false},{"@type":"workflowTask","taskId":"@332yafIdG9Qik5s4fhkj61","type":"DSS","name":"VCS_Asset_LTF_DSS_FF_FF","stopOnError":false,"stopOnWarning":false}]}]