[{"@type":"workflow","id":"@1","name":"LTF_inlineActionDepen","maxLogs":10,"references":[{"@type":"reference","refObjectId":"@gq8I5N32QIXjOTuZnAxYGL","refType":"mtTask"},{"@type":"reference","refObjectId":"@liD3zZYrca4htbJLFOp4wn","refType":"dssTask"},{"@type":"reference","refObjectId":"@5Gn9PVexHFte5H7Z7aRtaQ","refType":"drsTask"},{"@type":"reference","refObjectId":"@axTFe97K72JjANPGjc7baI","refType":"pcsTask"}],"tasks":[{"@type":"workflowTask","taskId":"@gq8I5N32QIXjOTuZnAxYGL","type":"MTT","name":"MCT_inlineActionDepen","stopOnError":false,"stopOnWarning":false},{"@type":"workflowTask","taskId":"@liD3zZYrca4htbJLFOp4wn","type":"DSS","name":"dss_inlineActionDepen","stopOnError":false,"stopOnWarning":false},{"@type":"workflowTask","taskId":"@5Gn9PVexHFte5H7Z7aRtaQ","type":"DRS","name":"drs_inlineActionDepen","stopOnError":false,"stopOnWarning":false},{"@type":"workflowTask","taskId":"@axTFe97K72JjANPGjc7baI","type":"PCS","name":"PCS_inlineActionDepen","stopOnError":false,"stopOnWarning":false}]}]