[{"@type":"workflow","id":"@1","name":"LTF_inlineActionDepen","maxLogs":10,"references":[{"@type":"reference","refObjectId":"@4mUuoNWgPeqdCikRKwWc0G","refType":"mtTask"},{"@type":"reference","refObjectId":"@3grAhbmVFcGdteVRMavIKr","refType":"dssTask"},{"@type":"reference","refObjectId":"@2yLAydOQOlId3DfBEbaHi8","refType":"drsTask"},{"@type":"reference","refObjectId":"@92VTPdNpQo1c94t7SDcmcx","refType":"pcsTask"}],"tasks":[{"@type":"workflowTask","taskId":"@4mUuoNWgPeqdCikRKwWc0G","type":"MTT","name":"MCT_inlineActionDepen","stopOnError":false,"stopOnWarning":false},{"@type":"workflowTask","taskId":"@3grAhbmVFcGdteVRMavIKr","type":"DSS","name":"dss_inlineActionDepen","stopOnError":false,"stopOnWarning":false},{"@type":"workflowTask","taskId":"@2yLAydOQOlId3DfBEbaHi8","type":"DRS","name":"drs_inlineActionDepen","stopOnError":false,"stopOnWarning":false},{"@type":"workflowTask","taskId":"@92VTPdNpQo1c94t7SDcmcx","type":"PCS","name":"PCS_inlineActionDepen","stopOnError":false,"stopOnWarning":false}]}]