[{"@type":"dssTask","id":"@1","name":"BulkUnlink_1_LTF_DSS_FF_FF","description":"","maxLogs":10,"sourceConnectionId":"@cfOz7TkAfOae5dRiv9yJ4h","targetConnectionId":"@cfOz7TkAfOae5dRiv9yJ4h","targetObject":"PC_LTF_FF_TGT.csv","targetObjectLabel":"PC_LTF_FF_TGT.csv","operation":"Insert","maxRows":0,"truncateTarget":false,"bulkApiDBTarget":false,"verbose":false,"srcFlatFileAttrs":{"@type":"flatFileAttrs","id":644300,"delimiter":",","textQualifier":"\"","escapeChar":"","headerLineNo":1,"firstDataRow":2},"tgtFlatFileAttrs":{"@type":"flatFileAttrs","id":644301,"delimiter":",","textQualifier":"\"","escapeChar":"","headerLineNo":1,"firstDataRow":2},"targetMetadataUpdated":false,"modelVersion":"V3-R600","queryAll":false,"srcSettings":{"@type":"taskDataSourceSetting","isShowLabels":false,"isNaturalOrder":true},"tgtSettings":{"@type":"taskDataSourceSetting","isShowLabels":false,"isNaturalOrder":true},"cfSettings":{"@type":"taskDataSourceSetting","isShowLabels":false,"isNaturalOrder":true},"bulkApi":false,"bulkApiSerialMode":false,"bulkApiMonitor":false,"isTargetObjectSfCustom":false,"allowNullUpdates":false,"targetBatchSize":200,"assignmentRuleId":"-1","assignmentRuleType":"None","createSuccessFile":false,"bulkApiHardDelete":false,"srcRuntimeAttrs":{"@type":"taskRuntimeAttrs","attrs":{}},"tgtRuntimeAttrs":{"@type":"taskRuntimeAttrs","attrs":{}},"parameterFileEncoding":"UTF-8","sourceObjects":[{"@type":"mObject","name":"PC_LTF_FF_SRC.csv","label":"PC_LTF_FF_SRC.csv","metadataUpdated":false,"relations":[],"children":[]}],"advancedFilters":[],"filters":[],"fieldMaps":[{"@type":"fieldMap","id":"18176396","targetField":{"@type":"field","id":105630180,"name":"CATEGORYID","type":"nstring","uniqueName":"CATEGORYID","label":"CATEGORYID","parentObject":"PC_LTF_FF_TGT.csv","pcType":"UNISTRING","precision":255,"scale":0,"columnIndex":0,"isKey":false,"isExternalId":false,"isSfIdLookup":false,"isNullable":true,"isUnique":false,"isCreateable":false,"isUpdateable":true,"isFilterable":true,"isCalculated":false,"showLabel":false,"naturalOrder":0,"linkedFields":["CATEGORYID"],"relatedInfos":[],"references":[]},"expression":"CATEGORYID"},{"@type":"fieldMap","id":"18176397","targetField":{"@type":"field","id":105630181,"name":"CATEGORYNAME","type":"nstring","uniqueName":"CATEGORYNAME","label":"CATEGORYNAME","parentObject":"PC_LTF_FF_TGT.csv","pcType":"UNISTRING","precision":255,"scale":0,"columnIndex":1,"isKey":false,"isExternalId":false,"isSfIdLookup":false,"isNullable":true,"isUnique":false,"isCreateable":false,"isUpdateable":true,"isFilterable":true,"isCalculated":false,"showLabel":false,"naturalOrder":0,"linkedFields":["CATEGORYNAME"],"relatedInfos":[],"references":[]},"expression":"CATEGORYNAME"},{"@type":"fieldMap","id":"18176398","targetField":{"@type":"field","id":105630182,"name":"DESCRIPTION","type":"nstring","uniqueName":"DESCRIPTION","label":"DESCRIPTION","parentObject":"PC_LTF_FF_TGT.csv","pcType":"UNISTRING","precision":255,"scale":0,"columnIndex":2,"isKey":false,"isExternalId":false,"isSfIdLookup":false,"isNullable":true,"isUnique":false,"isCreateable":false,"isUpdateable":true,"isFilterable":true,"isCalculated":false,"showLabel":false,"naturalOrder":0,"linkedFields":["DESCRIPTION"],"relatedInfos":[],"references":[]},"expression":"DESCRIPTION"},{"@type":"fieldMap","id":"18176399","targetField":{"@type":"field","id":105630183,"name":"CurrentlyProcessedFileName","type":"nstring","uniqueName":"CurrentlyProcessedFileName","label":"CurrentlyProcessedFileName","parentObject":"PC_LTF_FF_TGT.csv","pcType":"UNISTRING","precision":255,"scale":0,"columnIndex":3,"isKey":false,"isExternalId":false,"isSfIdLookup":false,"isNullable":true,"isUnique":false,"isCreateable":false,"isUpdateable":true,"isFilterable":true,"isCalculated":false,"showLabel":false,"naturalOrder":0,"linkedFields":[],"relatedInfos":[],"references":[]}}],"sourceFields":[{"@type":"field","id":105630184,"name":"CATEGORYID","type":"nstring","uniqueName":"CATEGORYID","label":"CATEGORYID","parentObject":"PC_LTF_FF_SRC.csv","pcType":"UNISTRING","precision":255,"scale":0,"columnIndex":0,"isKey":false,"isExternalId":false,"isSfIdLookup":false,"isNullable":true,"isUnique":false,"isCreateable":false,"isUpdateable":true,"isFilterable":true,"isCalculated":false,"showLabel":false,"naturalOrder":0,"linkedFields":["CATEGORYID"],"relatedInfos":[],"references":[]},{"@type":"field","id":105630185,"name":"CATEGORYNAME","type":"nstring","uniqueName":"CATEGORYNAME","label":"CATEGORYNAME","parentObject":"PC_LTF_FF_SRC.csv","pcType":"UNISTRING","precision":255,"scale":0,"columnIndex":1,"isKey":false,"isExternalId":false,"isSfIdLookup":false,"isNullable":true,"isUnique":false,"isCreateable":false,"isUpdateable":true,"isFilterable":true,"isCalculated":false,"showLabel":false,"naturalOrder":0,"linkedFields":["CATEGORYNAME"],"relatedInfos":[],"references":[]},{"@type":"field","id":105630186,"name":"DESCRIPTION","type":"nstring","uniqueName":"DESCRIPTION","label":"DESCRIPTION","parentObject":"PC_LTF_FF_SRC.csv","pcType":"UNISTRING","precision":255,"scale":0,"columnIndex":2,"isKey":false,"isExternalId":false,"isSfIdLookup":false,"isNullable":true,"isUnique":false,"isCreateable":false,"isUpdateable":true,"isFilterable":true,"isCalculated":false,"showLabel":false,"naturalOrder":0,"linkedFields":["DESCRIPTION"],"relatedInfos":[],"references":[]}],"sortFields":[],"groupFields":[]}]