[{"@type":"drsTask","id":"@1","name":"MultiUnlink2_DRS","maxLogs":10,"sourceConnectionId":"@6QnyvIB7TgAewHXJGEltOw","targetConnectionId":"@4WXWhc7TaCuemECkEB0Pg2","tablePrefix":"SF_out4232","verbose":false,"fullRefresh":true,"replicateAllObjects":true,"removeDeleted":true,"queryAll":false,"srcShowLabels":false,"maxRows":0,"stopOnError":true,"replicationObjects":[],"excludedReplicationObjects":[],"majorUpdateTime":1603825139000,"metadataMode":0,"bulkApi":false,"base64BodySize":0.0,"bulkApiDBTarget":false,"fieldExclusions":[],"filters":[],"advancedFilters":[],"srcRuntimeAttrs":{"@type":"taskRuntimeAttrs","attrs":{}}}]