[{"@type":"pcsTask","id":"@1","name":"BulkUnlink_PCS_SQL_SQL_1","description":"Pod Certifcation PCS task - Source: Sql and target: Sql","runtimeEnvironmentId":"@95kebvWFizjfGzjEuL4uGB","maxLogs":10,"pcXmlFile":"wf_MAP_SRC_SQLSERVER_TAR_SQLSERVER.XML","workflowName":"wf_MAP_SRC_SQLSERVER_TAR_2","sessionName":"s_MAP_SRC_SQLSERVER_TAR_2","mappingName":"MAP_SRC_SQLSERVER_TAR_2","transformations":[{"@type":"pcsTransformation","name":"PC_PCS_TAR_ICS_PCS_P0","type":"PC_PCS_TAR_ICS_PCS_P0","connectionRef":"ST_SQLServer2008","description":""},{"@type":"pcsTransformation","name":"PC_PCS_ICS_PCS_P0","type":"PC_PCS_ICS_PCS_P0","description":""},{"@type":"pcsTransformation","name":"SQ_PC_PCS_ICS_PCS_P0","type":"SQ_PC_PCS_ICS_PCS_P0","connectionRef":"ST_SQLServer2008","description":""}],"connections":[{"@type":"pcsConnection","id":19505,"name":"ST_SQLServer2008","type":"Relational","subType":"Microsoft SQL Server","connectionId":"@6p9KZb2QbahkOGEk5qGOcd"}]}]