[{"@type":"mappingTemplate","id":"@1","name":"BulkUnlink_Mapping_SQL_FF_1","description":"Pod Certification Task: Mapping has a src and a target. ","bundleVersion":"0","templateId":"@3","deployTime":1612498770000,"hasParameters":false,"valid":true,"fixedConnection":true,"hasParametersDeployed":false,"fixedConnectionDeployed":true,"tasks":1,"mappingPreviewFileRecordId":"@2","references":[{"@type":"reference","refObjectId":"@f9T28SLD5i4fm6oWJ14pwQ","refType":"connection"},{"@type":"reference","refObjectId":"@8OpYBRlSnPUfpMQrK1Ht6R","refType":"connection"}]}]