[{"@type":"mappingTemplate","id":"@1","name":"BulkUnlink_Mapping_SQL_FF_1","description":"Pod Certification Task: Mapping has a src and a target. ","bundleVersion":"0","templateId":"@3","deployTime":1594070469000,"hasParameters":false,"valid":true,"fixedConnection":true,"hasParametersDeployed":false,"fixedConnectionDeployed":true,"tasks":1,"mappingPreviewFileRecordId":"@2","references":[{"@type":"reference","refObjectId":"@0K39aDIJKM5cQ6hNkqBxoF","refType":"connection"},{"@type":"reference","refObjectId":"@2Tt3neEU5zVlRtJRi8k7kN","refType":"connection"}]}]