[{"@type":"mappingTemplate","id":"@1","name":"BulkUnlink_Mapping_SQL_FF_1","description":"Pod Certification Task: Mapping has a src and a target. ","bundleVersion":"0","templateId":"@3","deployTime":1613471875000,"hasParameters":false,"valid":true,"fixedConnection":true,"hasParametersDeployed":false,"fixedConnectionDeployed":true,"tasks":1,"mappingPreviewFileRecordId":"@2","references":[{"@type":"reference","refObjectId":"@5wtoGOQ9Ke5gvpeBFvyzsx","refType":"connection"},{"@type":"reference","refObjectId":"@2yBOwLhMvJpb9oPhYrYBAs","refType":"connection"}]}]