[{"@type":"drsTask","id":"@1","name":"drs_inlineActionDepen - Copy 2","maxLogs":10,"sourceConnectionId":"@6vLr89u0aahkzRD8hdRGGL","targetConnectionId":"@c3ggzmFduM6lzTwyS8BPUs","tablePrefix":"SF_out423","verbose":false,"fullRefresh":true,"replicateAllObjects":true,"removeDeleted":true,"queryAll":false,"srcShowLabels":false,"maxRows":0,"stopOnError":true,"replicationObjects":[],"excludedReplicationObjects":[],"majorUpdateTime":1591033453000,"metadataMode":0,"bulkApi":false,"base64BodySize":0.0,"bulkApiDBTarget":false,"fieldExclusions":[],"filters":[],"advancedFilters":[],"srcRuntimeAttrs":{"@type":"taskRuntimeAttrs","attrs":{}}}]