[{"@type":"mappingTemplate","id":"@1","name":"Mapping77_with_3types_ofsequence - Copy 1","description":"","bundleVersion":"0","templateId":"@3","deployTime":1600801290000,"hasParameters":false,"valid":true,"fixedConnection":true,"hasParametersDeployed":false,"fixedConnectionDeployed":true,"tasks":0,"mappingPreviewFileRecordId":"@2","documentType":"","references":[{"@type":"reference","refObjectId":"@8mLE0hwJlwbgsJakvLMiSb","refType":"connection"},{"@type":"reference","refObjectId":"@bLQFToc1OYxi17eR6d3EUm","refType":"sequenceGen"}]}]