[{"@type":"dssTask","id":"@1","name":"BulkUnlink__Multi_Asset_DSS","description":"","maxLogs":10,"sourceConnectionId":"@6p9KZb2QbahkOGEk5qGOcd","targetConnectionId":"@a0FDRjcza6gkXh5PNvsAKw","targetObject":"PC_DSS_AUTO_ALL_DT_2012_1.csv","operation":"Insert","maxRows":0,"truncateTarget":false,"bulkApiDBTarget":false,"verbose":false,"tgtFlatFileAttrs":{"@type":"flatFileAttrs","id":2843041,"delimiter":",","textQualifier":"\"","escapeChar":"","headerLineNo":1,"firstDataRow":2},"targetMetadataUpdated":false,"modelVersion":"V3-R600","queryAll":false,"srcSettings":{"@type":"taskDataSourceSetting","isShowLabels":false,"isNaturalOrder":true},"tgtSettings":{"@type":"taskDataSourceSetting","isShowLabels":false,"isNaturalOrder":true},"cfSettings":{"@type":"taskDataSourceSetting","isShowLabels":false,"isNaturalOrder":true},"bulkApi":false,"bulkApiSerialMode":false,"bulkApiMonitor":false,"isTargetObjectSfCustom":false,"allowNullUpdates":false,"targetBatchSize":200,"assignmentRuleId":"-1","assignmentRuleType":"None","createSuccessFile":false,"bulkApiHardDelete":false,"srcRuntimeAttrs":{"@type":"taskRuntimeAttrs","attrs":{}},"tgtRuntimeAttrs":{"@type":"taskRuntimeAttrs","attrs":{}},"parameterFileEncoding":"UTF-8","serverlessProperties":{},"sourceObjects":[{"@type":"mObject","name":"PC_DSS_AUTO_ALL_DT_2012","label":"PC_DSS_AUTO_ALL_DT_2012","metadataUpdated":false,"relations":[],"children":[]}],"advancedFilters":[],"filters":[],"fieldMaps":[{"@type":"fieldMap","id":"24860857","targetField":{"@type":"field","id":124589855,"name":"F1_STRING","type":"nstring","uniqueName":"F1_STRING","label":"F1_STRING","parentObject":"PC_DSS_AUTO_ALL_DT_2012_1.csv","pcType":"UNISTRING","precision":100,"scale":0,"columnIndex":0,"isKey":false,"isExternalId":false,"isSfIdLookup":false,"isNullable":true,"isUnique":false,"isCreateable":false,"isUpdateable":true,"isFilterable":true,"isCalculated":false,"showLabel":false,"naturalOrder":0,"linkedFields":["F1_STRING"],"relatedInfos":[],"references":[]},"expression":"F1_STRING"},{"@type":"fieldMap","id":"24860859","targetField":{"@type":"field","id":124589857,"name":"F2_STRING","type":"nstring","uniqueName":"F2_STRING","label":"F2_STRING","parentObject":"PC_DSS_AUTO_ALL_DT_2012_1.csv","pcType":"UNISTRING","precision":40,"scale":0,"columnIndex":1,"isKey":false,"isExternalId":false,"isSfIdLookup":false,"isNullable":true,"isUnique":false,"isCreateable":false,"isUpdateable":true,"isFilterable":true,"isCalculated":false,"showLabel":false,"naturalOrder":0,"linkedFields":["F2_STRING"],"relatedInfos":[],"references":[]},"expression":"F2_STRING"},{"@type":"fieldMap","id":"24860861","targetField":{"@type":"field","id":124589859,"name":"F3_STRING","type":"nstring","uniqueName":"F3_STRING","label":"F3_STRING","parentObject":"PC_DSS_AUTO_ALL_DT_2012_1.csv","pcType":"UNISTRING","precision":50,"scale":0,"columnIndex":2,"isKey":false,"isExternalId":false,"isSfIdLookup":false,"isNullable":true,"isUnique":false,"isCreateable":false,"isUpdateable":true,"isFilterable":true,"isCalculated":false,"showLabel":false,"naturalOrder":0,"linkedFields":["F3_STRING"],"relatedInfos":[],"references":[]},"expression":"F3_STRING"},{"@type":"fieldMap","id":"24860863","targetField":{"@type":"field","id":124589861,"name":"F4_STRING","type":"nstring","uniqueName":"F4_STRING","label":"F4_STRING","parentObject":"PC_DSS_AUTO_ALL_DT_2012_1.csv","pcType":"UNISTRING","precision":32000,"scale":0,"columnIndex":3,"isKey":false,"isExternalId":false,"isSfIdLookup":false,"isNullable":true,"isUnique":false,"isCreateable":false,"isUpdateable":true,"isFilterable":true,"isCalculated":false,"showLabel":false,"naturalOrder":0,"linkedFields":["F4_STRING"],"relatedInfos":[],"references":[]},"expression":"F4_STRING"},{"@type":"fieldMap","id":"24860865","targetField":{"@type":"field","id":124589863,"name":"F5_STRING","type":"nstring","uniqueName":"F5_STRING","label":"F5_STRING","parentObject":"PC_DSS_AUTO_ALL_DT_2012_1.csv","pcType":"UNISTRING","precision":50,"scale":0,"columnIndex":4,"isKey":false,"isExternalId":false,"isSfIdLookup":false,"isNullable":true,"isUnique":false,"isCreateable":false,"isUpdateable":true,"isFilterable":true,"isCalculated":false,"showLabel":false,"naturalOrder":0,"linkedFields":["F5_STRING"],"relatedInfos":[],"references":[]},"expression":"F5_STRING"},{"@type":"fieldMap","id":"24860867","targetField":{"@type":"field","id":124589865,"name":"F6_STRING","type":"nstring","uniqueName":"F6_STRING","label":"F6_STRING","parentObject":"PC_DSS_AUTO_ALL_DT_2012_1.csv","pcType":"UNISTRING","precision":40,"scale":0,"columnIndex":5,"isKey":false,"isExternalId":false,"isSfIdLookup":false,"isNullable":true,"isUnique":false,"isCreateable":false,"isUpdateable":true,"isFilterable":true,"isCalculated":false,"showLabel":false,"naturalOrder":0,"linkedFields":["F6_STRING"],"relatedInfos":[],"references":[]},"expression":"F6_STRING"},{"@type":"fieldMap","id":"24860869","targetField":{"@type":"field","id":124589867,"name":"F7_STRING","type":"nstring","uniqueName":"F7_STRING","label":"F7_STRING","parentObject":"PC_DSS_AUTO_ALL_DT_2012_1.csv","pcType":"UNISTRING","precision":40,"scale":0,"columnIndex":6,"isKey":false,"isExternalId":false,"isSfIdLookup":false,"isNullable":true,"isUnique":false,"isCreateable":false,"isUpdateable":true,"isFilterable":true,"isCalculated":false,"showLabel":false,"naturalOrder":0,"linkedFields":["F7_STRING"],"relatedInfos":[],"references":[]},"expression":"F7_STRING"},{"@type":"fieldMap","id":"24860871","targetField":{"@type":"field","id":124589869,"name":"F8_STRING","type":"nstring","uniqueName":"F8_STRING","label":"F8_STRING","parentObject":"PC_DSS_AUTO_ALL_DT_2012_1.csv","pcType":"UNISTRING","precision":40,"scale":0,"columnIndex":7,"isKey":false,"isExternalId":false,"isSfIdLookup":false,"isNullable":true,"isUnique":false,"isCreateable":false,"isUpdateable":true,"isFilterable":true,"isCalculated":false,"showLabel":false,"naturalOrder":0,"linkedFields":["F8_STRING"],"relatedInfos":[],"references":[]},"expression":"F8_STRING"},{"@type":"fieldMap","id":"24860873","targetField":{"@type":"field","id":124589871,"name":"F1_INT","type":"bigint","uniqueName":"F1_INT","label":"F1_INT","parentObject":"PC_DSS_AUTO_ALL_DT_2012_1.csv","pcType":"INT","precision":19,"scale":0,"columnIndex":8,"isKey":false,"isExternalId":false,"isSfIdLookup":false,"isNullable":true,"isUnique":false,"isCreateable":false,"isUpdateable":true,"isFilterable":true,"isCalculated":false,"showLabel":false,"naturalOrder":0,"linkedFields":["F1_INT"],"relatedInfos":[],"references":[]},"expression":"F1_INT"},{"@type":"fieldMap","id":"24860875","targetField":{"@type":"field","id":124589873,"name":"F2_INT","type":"int","uniqueName":"F2_INT","label":"F2_INT","parentObject":"PC_DSS_AUTO_ALL_DT_2012_1.csv","pcType":"INT","precision":10,"scale":0,"columnIndex":9,"isKey":false,"isExternalId":false,"isSfIdLookup":false,"isNullable":true,"isUnique":false,"isCreateable":false,"isUpdateable":true,"isFilterable":true,"isCalculated":false,"showLabel":false,"naturalOrder":0,"linkedFields":["F2_INT"],"relatedInfos":[],"references":[]},"expression":"F2_INT"},{"@type":"fieldMap","id":"24860877","targetField":{"@type":"field","id":124589875,"name":"F3_INT","type":"int","uniqueName":"F3_INT","label":"F3_INT","parentObject":"PC_DSS_AUTO_ALL_DT_2012_1.csv","pcType":"INT","precision":10,"scale":0,"columnIndex":10,"isKey":false,"isExternalId":false,"isSfIdLookup":false,"isNullable":true,"isUnique":false,"isCreateable":false,"isUpdateable":true,"isFilterable":true,"isCalculated":false,"showLabel":false,"naturalOrder":0,"linkedFields":["F3_INT"],"relatedInfos":[],"references":[]},"expression":"F3_INT"},{"@type":"fieldMap","id":"24860879","targetField":{"@type":"field","id":124589877,"name":"F4_INT","type":"int","uniqueName":"F4_INT","label":"F4_INT","parentObject":"PC_DSS_AUTO_ALL_DT_2012_1.csv","pcType":"INT","precision":10,"scale":0,"columnIndex":11,"isKey":false,"isExternalId":false,"isSfIdLookup":false,"isNullable":true,"isUnique":false,"isCreateable":false,"isUpdateable":true,"isFilterable":true,"isCalculated":false,"showLabel":false,"naturalOrder":0,"linkedFields":["F4_INT"],"relatedInfos":[],"references":[]},"expression":"F4_INT"},{"@type":"fieldMap","id":"24860881","targetField":{"@type":"field","id":124589879,"name":"F5_INT","type":"int","uniqueName":"F5_INT","label":"F5_INT","parentObject":"PC_DSS_AUTO_ALL_DT_2012_1.csv","pcType":"INT","precision":10,"scale":0,"columnIndex":12,"isKey":false,"isExternalId":false,"isSfIdLookup":false,"isNullable":true,"isUnique":false,"isCreateable":false,"isUpdateable":true,"isFilterable":true,"isCalculated":false,"showLabel":false,"naturalOrder":0,"linkedFields":["F5_INT"],"relatedInfos":[],"references":[]},"expression":"F5_INT"},{"@type":"fieldMap","id":"24860883","targetField":{"@type":"field","id":124589881,"name":"F1_BOOLEAN","type":"int","uniqueName":"F1_BOOLEAN","label":"F1_BOOLEAN","parentObject":"PC_DSS_AUTO_ALL_DT_2012_1.csv","pcType":"INT","precision":10,"scale":0,"columnIndex":13,"isKey":false,"isExternalId":false,"isSfIdLookup":false,"isNullable":true,"isUnique":false,"isCreateable":false,"isUpdateable":true,"isFilterable":true,"isCalculated":false,"showLabel":false,"naturalOrder":0,"linkedFields":["F1_BOOLEAN"],"relatedInfos":[],"references":[]},"expression":"F1_BOOLEAN"},{"@type":"fieldMap","id":"24860885","targetField":{"@type":"field","id":124589883,"name":"F2_BOOLEAN","type":"int","uniqueName":"F2_BOOLEAN","label":"F2_BOOLEAN","parentObject":"PC_DSS_AUTO_ALL_DT_2012_1.csv","pcType":"INT","precision":10,"scale":0,"columnIndex":14,"isKey":false,"isExternalId":false,"isSfIdLookup":false,"isNullable":true,"isUnique":false,"isCreateable":false,"isUpdateable":true,"isFilterable":true,"isCalculated":false,"showLabel":false,"naturalOrder":0,"linkedFields":["F2_BOOLEAN"],"relatedInfos":[],"references":[]},"expression":"F2_BOOLEAN"},{"@type":"fieldMap","id":"24860887","targetField":{"@type":"field","id":124589885,"name":"F1_NUMBER","type":"number","uniqueName":"F1_NUMBER","label":"F1_NUMBER","parentObject":"PC_DSS_AUTO_ALL_DT_2012_1.csv","pcType":"HIPRECDECIMAL","precision":18,"scale":0,"columnIndex":15,"isKey":false,"isExternalId":false,"isSfIdLookup":false,"isNullable":true,"isUnique":false,"isCreateable":false,"isUpdateable":true,"isFilterable":true,"isCalculated":false,"showLabel":false,"naturalOrder":0,"linkedFields":["F1_NUMBER"],"relatedInfos":[],"references":[]},"expression":"F1_NUMBER"},{"@type":"fieldMap","id":"24860889","targetField":{"@type":"field","id":124589887,"name":"F2_NUMBER","type":"double","uniqueName":"F2_NUMBER","label":"F2_NUMBER","parentObject":"PC_DSS_AUTO_ALL_DT_2012_1.csv","pcType":"FLOAT","precision":15,"scale":0,"columnIndex":16,"isKey":false,"isExternalId":false,"isSfIdLookup":false,"isNullable":true,"isUnique":false,"isCreateable":false,"isUpdateable":true,"isFilterable":true,"isCalculated":false,"showLabel":false,"naturalOrder":0,"linkedFields":["F2_NUMBER"],"relatedInfos":[],"references":[]},"expression":"F2_NUMBER"},{"@type":"fieldMap","id":"24860891","targetField":{"@type":"field","id":124589889,"name":"F3_NUMBER","type":"number","uniqueName":"F3_NUMBER","label":"F3_NUMBER","parentObject":"PC_DSS_AUTO_ALL_DT_2012_1.csv","pcType":"HIPRECDECIMAL","precision":19,"scale":4,"columnIndex":17,"isKey":false,"isExternalId":false,"isSfIdLookup":false,"isNullable":true,"isUnique":false,"isCreateable":false,"isUpdateable":true,"isFilterable":true,"isCalculated":false,"showLabel":false,"naturalOrder":0,"linkedFields":["F3_NUMBER"],"relatedInfos":[],"references":[]},"expression":"F3_NUMBER"},{"@type":"fieldMap","id":"24860893","targetField":{"@type":"field","id":124589891,"name":"F4_NUMBER","type":"number","uniqueName":"F4_NUMBER","label":"F4_NUMBER","parentObject":"PC_DSS_AUTO_ALL_DT_2012_1.csv","pcType":"HIPRECDECIMAL","precision":18,"scale":0,"columnIndex":18,"isKey":false,"isExternalId":false,"isSfIdLookup":false,"isNullable":true,"isUnique":false,"isCreateable":false,"isUpdateable":true,"isFilterable":true,"isCalculated":false,"showLabel":false,"naturalOrder":0,"linkedFields":["F4_NUMBER"],"relatedInfos":[],"references":[]},"expression":"F4_NUMBER"},{"@type":"fieldMap","id":"24860895","targetField":{"@type":"field","id":124589893,"name":"F5_NUMBER","type":"number","uniqueName":"F5_NUMBER","label":"F5_NUMBER","parentObject":"PC_DSS_AUTO_ALL_DT_2012_1.csv","pcType":"HIPRECDECIMAL","precision":7,"scale":0,"columnIndex":19,"isKey":false,"isExternalId":false,"isSfIdLookup":false,"isNullable":true,"isUnique":false,"isCreateable":false,"isUpdateable":true,"isFilterable":true,"isCalculated":false,"showLabel":false,"naturalOrder":0,"linkedFields":["F5_NUMBER"],"relatedInfos":[],"references":[]},"expression":"F5_NUMBER"},{"@type":"fieldMap","id":"24860897","targetField":{"@type":"field","id":124589895,"name":"F6_NUMBER","type":"number","uniqueName":"F6_NUMBER","label":"F6_NUMBER","parentObject":"PC_DSS_AUTO_ALL_DT_2012_1.csv","pcType":"HIPRECDECIMAL","precision":10,"scale":4,"columnIndex":20,"isKey":false,"isExternalId":false,"isSfIdLookup":false,"isNullable":true,"isUnique":false,"isCreateable":false,"isUpdateable":true,"isFilterable":true,"isCalculated":false,"showLabel":false,"naturalOrder":0,"linkedFields":["F6_NUMBER"],"relatedInfos":[],"references":[]},"expression":"F6_NUMBER"},{"@type":"fieldMap","id":"24860899","targetField":{"@type":"field","id":124589897,"name":"F7_NUMBER","type":"number","uniqueName":"F7_NUMBER","label":"F7_NUMBER","parentObject":"PC_DSS_AUTO_ALL_DT_2012_1.csv","pcType":"HIPRECDECIMAL","precision":18,"scale":0,"columnIndex":21,"isKey":false,"isExternalId":false,"isSfIdLookup":false,"isNullable":true,"isUnique":false,"isCreateable":false,"isUpdateable":true,"isFilterable":true,"isCalculated":false,"showLabel":false,"naturalOrder":0,"linkedFields":["F7_NUMBER"],"relatedInfos":[],"references":[]},"expression":"F7_NUMBER"},{"@type":"fieldMap","id":"24860901","targetField":{"@type":"field","id":124589899,"name":"F8_NUMBER","type":"number","uniqueName":"F8_NUMBER","label":"F8_NUMBER","parentObject":"PC_DSS_AUTO_ALL_DT_2012_1.csv","pcType":"HIPRECDECIMAL","precision":18,"scale":0,"columnIndex":22,"isKey":false,"isExternalId":false,"isSfIdLookup":false,"isNullable":true,"isUnique":false,"isCreateable":false,"isUpdateable":true,"isFilterable":true,"isCalculated":false,"showLabel":false,"naturalOrder":0,"linkedFields":["F8_NUMBER"],"relatedInfos":[],"references":[]},"expression":"F8_NUMBER"},{"@type":"fieldMap","id":"24860903","targetField":{"@type":"field","id":124589901,"name":"F1_DATE","type":"datetime","uniqueName":"F1_DATE","label":"F1_DATE","parentObject":"PC_DSS_AUTO_ALL_DT_2012_1.csv","pcType":"DATE","precision":19,"scale":0,"columnIndex":23,"isKey":false,"isExternalId":false,"isSfIdLookup":false,"isNullable":true,"isUnique":false,"isCreateable":false,"isUpdateable":true,"isFilterable":true,"isCalculated":false,"showLabel":false,"naturalOrder":0,"linkedFields":["F1_DATE"],"relatedInfos":[],"references":[]},"expression":"F1_DATE"},{"@type":"fieldMap","id":"24860905","targetField":{"@type":"field","id":124589903,"name":"F2_DATE","type":"datetime","uniqueName":"F2_DATE","label":"F2_DATE","parentObject":"PC_DSS_AUTO_ALL_DT_2012_1.csv","pcType":"DATE","precision":19,"scale":0,"columnIndex":24,"isKey":false,"isExternalId":false,"isSfIdLookup":false,"isNullable":true,"isUnique":false,"isCreateable":false,"isUpdateable":true,"isFilterable":true,"isCalculated":false,"showLabel":false,"naturalOrder":0,"linkedFields":["F2_DATE"],"relatedInfos":[],"references":[]},"expression":"F2_DATE"},{"@type":"fieldMap","id":"24860907","targetField":{"@type":"field","id":124589905,"name":"F3_DATE","type":"datetime","uniqueName":"F3_DATE","label":"F3_DATE","parentObject":"PC_DSS_AUTO_ALL_DT_2012_1.csv","pcType":"DATE","precision":19,"scale":0,"columnIndex":25,"isKey":false,"isExternalId":false,"isSfIdLookup":false,"isNullable":true,"isUnique":false,"isCreateable":false,"isUpdateable":true,"isFilterable":true,"isCalculated":false,"showLabel":false,"naturalOrder":0,"linkedFields":["F3_DATE"],"relatedInfos":[],"references":[]},"expression":"F3_DATE"},{"@type":"fieldMap","id":"24860909","targetField":{"@type":"field","id":124589907,"name":"F4_DATE","type":"datetime","uniqueName":"F4_DATE","label":"F4_DATE","parentObject":"PC_DSS_AUTO_ALL_DT_2012_1.csv","pcType":"DATE","precision":19,"scale":0,"columnIndex":26,"isKey":false,"isExternalId":false,"isSfIdLookup":false,"isNullable":true,"isUnique":false,"isCreateable":false,"isUpdateable":true,"isFilterable":true,"isCalculated":false,"showLabel":false,"naturalOrder":0,"linkedFields":["F4_DATE"],"relatedInfos":[],"references":[]},"expression":"F4_DATE"},{"@type":"fieldMap","id":"24860911","targetField":{"@type":"field","id":124589909,"name":"F5_DATE","type":"datetime","uniqueName":"F5_DATE","label":"F5_DATE","parentObject":"PC_DSS_AUTO_ALL_DT_2012_1.csv","pcType":"DATE","precision":19,"scale":0,"columnIndex":27,"isKey":false,"isExternalId":false,"isSfIdLookup":false,"isNullable":true,"isUnique":false,"isCreateable":false,"isUpdateable":true,"isFilterable":true,"isCalculated":false,"showLabel":false,"naturalOrder":0,"linkedFields":["F5_DATE"],"relatedInfos":[],"references":[]},"expression":"F5_DATE"},{"@type":"fieldMap","id":"24860913","targetField":{"@type":"field","id":124589911,"name":"F6_DATE","type":"datetime","uniqueName":"F6_DATE","label":"F6_DATE","parentObject":"PC_DSS_AUTO_ALL_DT_2012_1.csv","pcType":"DATE","precision":19,"scale":0,"columnIndex":28,"isKey":false,"isExternalId":false,"isSfIdLookup":false,"isNullable":true,"isUnique":false,"isCreateable":false,"isUpdateable":true,"isFilterable":true,"isCalculated":false,"showLabel":false,"naturalOrder":0,"linkedFields":["F6_DATE"],"relatedInfos":[],"references":[]},"expression":"F6_DATE"}],"sourceFields":[{"@type":"field","id":124589913,"name":"F1_STRING","type":"varchar","uniqueName":"F1_STRING","label":"F1_STRING","parentObject":"PC_DSS_AUTO_ALL_DT_2012","pcType":"STRING","precision":100,"scale":0,"columnIndex":0,"isKey":false,"isExternalId":false,"isSfIdLookup":false,"isNullable":false,"isUnique":false,"isCreateable":false,"isUpdateable":true,"isFilterable":true,"isCalculated":false,"showLabel":false,"naturalOrder":0,"linkedFields":["F1_STRING"],"relatedInfos":[],"references":[]},{"@type":"field","id":124589915,"name":"F2_STRING","type":"varchar","uniqueName":"F2_STRING","label":"F2_STRING","parentObject":"PC_DSS_AUTO_ALL_DT_2012","pcType":"STRING","precision":40,"scale":0,"columnIndex":1,"isKey":false,"isExternalId":false,"isSfIdLookup":false,"isNullable":true,"isUnique":false,"isCreateable":false,"isUpdateable":true,"isFilterable":true,"isCalculated":false,"showLabel":false,"naturalOrder":1,"linkedFields":["F2_STRING"],"relatedInfos":[],"references":[]},{"@type":"field","id":124589917,"name":"F3_STRING","type":"char","uniqueName":"F3_STRING","label":"F3_STRING","parentObject":"PC_DSS_AUTO_ALL_DT_2012","pcType":"STRING","precision":50,"scale":0,"columnIndex":2,"isKey":false,"isExternalId":false,"isSfIdLookup":false,"isNullable":true,"isUnique":false,"isCreateable":false,"isUpdateable":true,"isFilterable":true,"isCalculated":false,"showLabel":false,"naturalOrder":2,"linkedFields":["F3_STRING"],"relatedInfos":[],"references":[]},{"@type":"field","id":124589919,"name":"F4_STRING","type":"text","uniqueName":"F4_STRING","label":"F4_STRING","parentObject":"PC_DSS_AUTO_ALL_DT_2012","pcType":"STRING","precision":32000,"scale":0,"columnIndex":3,"isKey":false,"isExternalId":false,"isSfIdLookup":false,"isNullable":true,"isUnique":false,"isCreateable":false,"isUpdateable":true,"isFilterable":true,"isCalculated":false,"showLabel":false,"naturalOrder":3,"linkedFields":["F4_STRING"],"relatedInfos":[],"references":[]},{"@type":"field","id":124589921,"name":"F5_STRING","type":"varchar","uniqueName":"F5_STRING","label":"F5_STRING","parentObject":"PC_DSS_AUTO_ALL_DT_2012","pcType":"STRING","precision":50,"scale":0,"columnIndex":4,"isKey":false,"isExternalId":false,"isSfIdLookup":false,"isNullable":true,"isUnique":false,"isCreateable":false,"isUpdateable":true,"isFilterable":true,"isCalculated":false,"showLabel":false,"naturalOrder":4,"linkedFields":["F5_STRING"],"relatedInfos":[],"references":[]},{"@type":"field","id":124589923,"name":"F6_STRING","type":"varchar","uniqueName":"F6_STRING","label":"F6_STRING","parentObject":"PC_DSS_AUTO_ALL_DT_2012","pcType":"STRING","precision":40,"scale":0,"columnIndex":5,"isKey":false,"isExternalId":false,"isSfIdLookup":false,"isNullable":true,"isUnique":false,"isCreateable":false,"isUpdateable":true,"isFilterable":true,"isCalculated":false,"showLabel":false,"naturalOrder":5,"linkedFields":["F6_STRING"],"relatedInfos":[],"references":[]},{"@type":"field","id":124589925,"name":"F7_STRING","type":"varchar","uniqueName":"F7_STRING","label":"F7_STRING","parentObject":"PC_DSS_AUTO_ALL_DT_2012","pcType":"STRING","precision":40,"scale":0,"columnIndex":6,"isKey":false,"isExternalId":false,"isSfIdLookup":false,"isNullable":true,"isUnique":false,"isCreateable":false,"isUpdateable":true,"isFilterable":true,"isCalculated":false,"showLabel":false,"naturalOrder":6,"linkedFields":["F7_STRING"],"relatedInfos":[],"references":[]},{"@type":"field","id":124589927,"name":"F8_STRING","type":"varchar","uniqueName":"F8_STRING","label":"F8_STRING","parentObject":"PC_DSS_AUTO_ALL_DT_2012","pcType":"STRING","precision":40,"scale":0,"columnIndex":7,"isKey":false,"isExternalId":false,"isSfIdLookup":false,"isNullable":true,"isUnique":false,"isCreateable":false,"isUpdateable":true,"isFilterable":true,"isCalculated":false,"showLabel":false,"naturalOrder":7,"linkedFields":["F8_STRING"],"relatedInfos":[],"references":[]},{"@type":"field","id":124589929,"name":"F1_INT","type":"bigint","uniqueName":"F1_INT","label":"F1_INT","parentObject":"PC_DSS_AUTO_ALL_DT_2012","pcType":"INT","precision":19,"scale":0,"columnIndex":8,"isKey":false,"isExternalId":false,"isSfIdLookup":false,"isNullable":true,"isUnique":false,"isCreateable":false,"isUpdateable":true,"isFilterable":true,"isCalculated":false,"showLabel":false,"naturalOrder":8,"linkedFields":["F1_INT"],"relatedInfos":[],"references":[]},{"@type":"field","id":124589931,"name":"F2_INT","type":"integer","uniqueName":"F2_INT","label":"F2_INT","parentObject":"PC_DSS_AUTO_ALL_DT_2012","pcType":"INT","precision":10,"scale":0,"columnIndex":9,"isKey":false,"isExternalId":false,"isSfIdLookup":false,"isNullable":true,"isUnique":false,"isCreateable":false,"isUpdateable":true,"isFilterable":true,"isCalculated":false,"showLabel":false,"naturalOrder":9,"linkedFields":["F2_INT"],"relatedInfos":[],"references":[]},{"@type":"field","id":124589933,"name":"F3_INT","type":"smallint","uniqueName":"F3_INT","label":"F3_INT","parentObject":"PC_DSS_AUTO_ALL_DT_2012","pcType":"INT","precision":5,"scale":0,"columnIndex":10,"isKey":false,"isExternalId":false,"isSfIdLookup":false,"isNullable":true,"isUnique":false,"isCreateable":false,"isUpdateable":true,"isFilterable":true,"isCalculated":false,"showLabel":false,"naturalOrder":10,"linkedFields":["F3_INT"],"relatedInfos":[],"references":[]},{"@type":"field","id":124589935,"name":"F4_INT","type":"tinyint","uniqueName":"F4_INT","label":"F4_INT","parentObject":"PC_DSS_AUTO_ALL_DT_2012","pcType":"INT","precision":3,"scale":0,"columnIndex":11,"isKey":false,"isExternalId":false,"isSfIdLookup":false,"isNullable":true,"isUnique":false,"isCreateable":false,"isUpdateable":true,"isFilterable":true,"isCalculated":false,"showLabel":false,"naturalOrder":11,"linkedFields":["F4_INT"],"relatedInfos":[],"references":[]},{"@type":"field","id":124589937,"name":"F5_INT","type":"integer","uniqueName":"F5_INT","label":"F5_INT","parentObject":"PC_DSS_AUTO_ALL_DT_2012","pcType":"INT","precision":10,"scale":0,"columnIndex":12,"isKey":false,"isExternalId":false,"isSfIdLookup":false,"isNullable":true,"isUnique":false,"isCreateable":false,"isUpdateable":true,"isFilterable":true,"isCalculated":false,"showLabel":false,"naturalOrder":12,"linkedFields":["F5_INT"],"relatedInfos":[],"references":[]},{"@type":"field","id":124589939,"name":"F1_BOOLEAN","type":"integer","uniqueName":"F1_BOOLEAN","label":"F1_BOOLEAN","parentObject":"PC_DSS_AUTO_ALL_DT_2012","pcType":"INT","precision":10,"scale":0,"columnIndex":13,"isKey":false,"isExternalId":false,"isSfIdLookup":false,"isNullable":true,"isUnique":false,"isCreateable":false,"isUpdateable":true,"isFilterable":true,"isCalculated":false,"showLabel":false,"naturalOrder":13,"linkedFields":["F1_BOOLEAN"],"relatedInfos":[],"references":[]},{"@type":"field","id":124589941,"name":"F2_BOOLEAN","type":"integer","uniqueName":"F2_BOOLEAN","label":"F2_BOOLEAN","parentObject":"PC_DSS_AUTO_ALL_DT_2012","pcType":"INT","precision":10,"scale":0,"columnIndex":14,"isKey":false,"isExternalId":false,"isSfIdLookup":false,"isNullable":true,"isUnique":false,"isCreateable":false,"isUpdateable":true,"isFilterable":true,"isCalculated":false,"showLabel":false,"naturalOrder":14,"linkedFields":["F2_BOOLEAN"],"relatedInfos":[],"references":[]},{"@type":"field","id":124589943,"name":"F1_NUMBER","type":"decimal","uniqueName":"F1_NUMBER","label":"F1_NUMBER","parentObject":"PC_DSS_AUTO_ALL_DT_2012","pcType":"HIPRECDECIMAL","precision":18,"scale":0,"columnIndex":15,"isKey":true,"isExternalId":false,"isSfIdLookup":false,"isNullable":false,"isUnique":true,"isCreateable":false,"isUpdateable":true,"isFilterable":true,"isCalculated":false,"showLabel":false,"naturalOrder":15,"linkedFields":["F1_NUMBER"],"relatedInfos":[],"references":[]},{"@type":"field","id":124589945,"name":"F2_NUMBER","type":"float","uniqueName":"F2_NUMBER","label":"F2_NUMBER","parentObject":"PC_DSS_AUTO_ALL_DT_2012","pcType":"FLOAT","precision":15,"scale":0,"columnIndex":16,"isKey":false,"isExternalId":false,"isSfIdLookup":false,"isNullable":true,"isUnique":false,"isCreateable":false,"isUpdateable":true,"isFilterable":true,"isCalculated":false,"showLabel":false,"naturalOrder":16,"linkedFields":["F2_NUMBER"],"relatedInfos":[],"references":[]},{"@type":"field","id":124589947,"name":"F3_NUMBER","type":"decimal","uniqueName":"F3_NUMBER","label":"F3_NUMBER","parentObject":"PC_DSS_AUTO_ALL_DT_2012","pcType":"HIPRECDECIMAL","precision":19,"scale":4,"columnIndex":17,"isKey":false,"isExternalId":false,"isSfIdLookup":false,"isNullable":true,"isUnique":false,"isCreateable":false,"isUpdateable":true,"isFilterable":true,"isCalculated":false,"showLabel":false,"naturalOrder":17,"linkedFields":["F3_NUMBER"],"relatedInfos":[],"references":[]},{"@type":"field","id":124589949,"name":"F4_NUMBER","type":"numeric","uniqueName":"F4_NUMBER","label":"F4_NUMBER","parentObject":"PC_DSS_AUTO_ALL_DT_2012","pcType":"HIPRECDECIMAL","precision":18,"scale":0,"columnIndex":18,"isKey":false,"isExternalId":false,"isSfIdLookup":false,"isNullable":true,"isUnique":false,"isCreateable":false,"isUpdateable":true,"isFilterable":true,"isCalculated":false,"showLabel":false,"naturalOrder":18,"linkedFields":["F4_NUMBER"],"relatedInfos":[],"references":[]},{"@type":"field","id":124589951,"name":"F5_NUMBER","type":"real","uniqueName":"F5_NUMBER","label":"F5_NUMBER","parentObject":"PC_DSS_AUTO_ALL_DT_2012","pcType":"FLOAT","precision":7,"scale":0,"columnIndex":19,"isKey":false,"isExternalId":false,"isSfIdLookup":false,"isNullable":true,"isUnique":false,"isCreateable":false,"isUpdateable":true,"isFilterable":true,"isCalculated":false,"showLabel":false,"naturalOrder":19,"linkedFields":["F5_NUMBER"],"relatedInfos":[],"references":[]},{"@type":"field","id":124589953,"name":"F6_NUMBER","type":"decimal","uniqueName":"F6_NUMBER","label":"F6_NUMBER","parentObject":"PC_DSS_AUTO_ALL_DT_2012","pcType":"HIPRECDECIMAL","precision":10,"scale":4,"columnIndex":20,"isKey":false,"isExternalId":false,"isSfIdLookup":false,"isNullable":true,"isUnique":false,"isCreateable":false,"isUpdateable":true,"isFilterable":true,"isCalculated":false,"showLabel":false,"naturalOrder":20,"linkedFields":["F6_NUMBER"],"relatedInfos":[],"references":[]},{"@type":"field","id":124589955,"name":"F7_NUMBER","type":"decimal","uniqueName":"F7_NUMBER","label":"F7_NUMBER","parentObject":"PC_DSS_AUTO_ALL_DT_2012","pcType":"HIPRECDECIMAL","precision":18,"scale":0,"columnIndex":21,"isKey":false,"isExternalId":false,"isSfIdLookup":false,"isNullable":true,"isUnique":false,"isCreateable":false,"isUpdateable":true,"isFilterable":true,"isCalculated":false,"showLabel":false,"naturalOrder":21,"linkedFields":["F7_NUMBER"],"relatedInfos":[],"references":[]},{"@type":"field","id":124589957,"name":"F8_NUMBER","type":"decimal","uniqueName":"F8_NUMBER","label":"F8_NUMBER","parentObject":"PC_DSS_AUTO_ALL_DT_2012","pcType":"HIPRECDECIMAL","precision":18,"scale":0,"columnIndex":22,"isKey":false,"isExternalId":false,"isSfIdLookup":false,"isNullable":true,"isUnique":false,"isCreateable":false,"isUpdateable":true,"isFilterable":true,"isCalculated":false,"showLabel":false,"naturalOrder":22,"linkedFields":["F8_NUMBER"],"relatedInfos":[],"references":[]},{"@type":"field","id":124589959,"name":"F1_DATE","type":"timestamp","uniqueName":"F1_DATE","label":"F1_DATE","parentObject":"PC_DSS_AUTO_ALL_DT_2012","pcType":"DATE","precision":23,"scale":3,"columnIndex":23,"isKey":false,"isExternalId":false,"isSfIdLookup":false,"isNullable":true,"isUnique":false,"isCreateable":false,"isUpdateable":true,"isFilterable":true,"isCalculated":false,"showLabel":false,"naturalOrder":23,"linkedFields":["F1_DATE"],"relatedInfos":[],"references":[]},{"@type":"field","id":124589961,"name":"F2_DATE","type":"timestamp","uniqueName":"F2_DATE","label":"F2_DATE","parentObject":"PC_DSS_AUTO_ALL_DT_2012","pcType":"DATE","precision":23,"scale":3,"columnIndex":24,"isKey":false,"isExternalId":false,"isSfIdLookup":false,"isNullable":true,"isUnique":false,"isCreateable":false,"isUpdateable":true,"isFilterable":true,"isCalculated":false,"showLabel":false,"naturalOrder":24,"linkedFields":["F2_DATE"],"relatedInfos":[],"references":[]},{"@type":"field","id":124589963,"name":"F3_DATE","type":"timestamp","uniqueName":"F3_DATE","label":"F3_DATE","parentObject":"PC_DSS_AUTO_ALL_DT_2012","pcType":"DATE","precision":23,"scale":3,"columnIndex":25,"isKey":false,"isExternalId":false,"isSfIdLookup":false,"isNullable":true,"isUnique":false,"isCreateable":false,"isUpdateable":true,"isFilterable":true,"isCalculated":false,"showLabel":false,"naturalOrder":25,"linkedFields":["F3_DATE"],"relatedInfos":[],"references":[]},{"@type":"field","id":124589965,"name":"F4_DATE","type":"timestamp","uniqueName":"F4_DATE","label":"F4_DATE","parentObject":"PC_DSS_AUTO_ALL_DT_2012","pcType":"DATE","precision":23,"scale":3,"columnIndex":26,"isKey":false,"isExternalId":false,"isSfIdLookup":false,"isNullable":true,"isUnique":false,"isCreateable":false,"isUpdateable":true,"isFilterable":true,"isCalculated":false,"showLabel":false,"naturalOrder":26,"linkedFields":["F4_DATE"],"relatedInfos":[],"references":[]},{"@type":"field","id":124589967,"name":"F5_DATE","type":"timestamp","uniqueName":"F5_DATE","label":"F5_DATE","parentObject":"PC_DSS_AUTO_ALL_DT_2012","pcType":"DATE","precision":23,"scale":3,"columnIndex":27,"isKey":false,"isExternalId":false,"isSfIdLookup":false,"isNullable":true,"isUnique":false,"isCreateable":false,"isUpdateable":true,"isFilterable":true,"isCalculated":false,"showLabel":false,"naturalOrder":27,"linkedFields":["F5_DATE"],"relatedInfos":[],"references":[]},{"@type":"field","id":124589969,"name":"F6_DATE","type":"timestamp","uniqueName":"F6_DATE","label":"F6_DATE","parentObject":"PC_DSS_AUTO_ALL_DT_2012","pcType":"DATE","precision":23,"scale":3,"columnIndex":28,"isKey":false,"isExternalId":false,"isSfIdLookup":false,"isNullable":true,"isUnique":false,"isCreateable":false,"isUpdateable":true,"isFilterable":true,"isCalculated":false,"showLabel":false,"naturalOrder":28,"linkedFields":["F6_DATE"],"relatedInfos":[],"references":[]}],"sortFields":[],"groupFields":[]}]