[{"@type":"dssTask","id":"@1","name":"MultiUnlink2_DSS","description":"","maxLogs":10,"sourceConnectionId":"@beKDiP56OgOhwHXteaJ5QI","targetConnectionId":"@beKDiP56OgOhwHXteaJ5QI","targetObject":"abc.csv","targetObjectLabel":"abc.csv","operation":"Insert","maxRows":0,"truncateTarget":false,"bulkApiDBTarget":false,"verbose":false,"srcFlatFileAttrs":{"@type":"flatFileAttrs","id":973897,"delimiter":",","textQualifier":"\"","escapeChar":"","headerLineNo":1,"firstDataRow":2},"tgtFlatFileAttrs":{"@type":"flatFileAttrs","id":973899,"delimiter":",","textQualifier":"\"","escapeChar":"","headerLineNo":1,"firstDataRow":2},"targetMetadataUpdated":false,"modelVersion":"V3-R600","queryAll":false,"srcSettings":{"@type":"taskDataSourceSetting","isShowLabels":false,"isNaturalOrder":true},"tgtSettings":{"@type":"taskDataSourceSetting","isShowLabels":false,"isNaturalOrder":true},"cfSettings":{"@type":"taskDataSourceSetting","isShowLabels":false,"isNaturalOrder":true},"bulkApi":false,"bulkApiSerialMode":false,"bulkApiMonitor":false,"isTargetObjectSfCustom":false,"allowNullUpdates":false,"targetBatchSize":200,"assignmentRuleId":"-1","assignmentRuleType":"None","createSuccessFile":false,"bulkApiHardDelete":false,"srcRuntimeAttrs":{"@type":"taskRuntimeAttrs","attrs":{}},"tgtRuntimeAttrs":{"@type":"taskRuntimeAttrs","attrs":{}},"parameterFileEncoding":"UTF-8","sourceObjects":[{"@type":"mObject","name":"emp.csv","label":"emp.csv","metadataUpdated":false,"relations":[],"children":[]}],"advancedFilters":[],"filters":[],"fieldMaps":[{"@type":"fieldMap","id":"19275855","targetField":{"@type":"field","id":108439007,"name":"Emp_ID","type":"nstring","uniqueName":"Emp_ID","label":"Emp_ID","parentObject":"abc.csv","pcType":"UNISTRING","precision":255,"scale":0,"columnIndex":0,"isKey":false,"isExternalId":false,"isSfIdLookup":false,"isNullable":true,"isUnique":false,"isCreateable":false,"isUpdateable":true,"isFilterable":true,"isCalculated":false,"showLabel":false,"naturalOrder":0,"linkedFields":["Emp_ID"],"relatedInfos":[],"references":[]},"expression":"Emp_ID"},{"@type":"fieldMap","id":"19275857","targetField":{"@type":"field","id":108439009,"name":"Name_Prefix","type":"nstring","uniqueName":"Name_Prefix","label":"Name_Prefix","parentObject":"abc.csv","pcType":"UNISTRING","precision":255,"scale":0,"columnIndex":1,"isKey":false,"isExternalId":false,"isSfIdLookup":false,"isNullable":true,"isUnique":false,"isCreateable":false,"isUpdateable":true,"isFilterable":true,"isCalculated":false,"showLabel":false,"naturalOrder":0,"linkedFields":["Name_Prefix"],"relatedInfos":[],"references":[]},"expression":"Name_Prefix"},{"@type":"fieldMap","id":"19275859","targetField":{"@type":"field","id":108439011,"name":"First_Name","type":"nstring","uniqueName":"First_Name","label":"First_Name","parentObject":"abc.csv","pcType":"UNISTRING","precision":255,"scale":0,"columnIndex":2,"isKey":false,"isExternalId":false,"isSfIdLookup":false,"isNullable":true,"isUnique":false,"isCreateable":false,"isUpdateable":true,"isFilterable":true,"isCalculated":false,"showLabel":false,"naturalOrder":0,"linkedFields":["First_Name"],"relatedInfos":[],"references":[]},"expression":"First_Name"},{"@type":"fieldMap","id":"19275861","targetField":{"@type":"field","id":108439013,"name":"Middle_Initial","type":"nstring","uniqueName":"Middle_Initial","label":"Middle_Initial","parentObject":"abc.csv","pcType":"UNISTRING","precision":255,"scale":0,"columnIndex":3,"isKey":false,"isExternalId":false,"isSfIdLookup":false,"isNullable":true,"isUnique":false,"isCreateable":false,"isUpdateable":true,"isFilterable":true,"isCalculated":false,"showLabel":false,"naturalOrder":0,"linkedFields":["Middle_Initial"],"relatedInfos":[],"references":[]},"expression":"Middle_Initial"},{"@type":"fieldMap","id":"19275863","targetField":{"@type":"field","id":108439015,"name":"Last_Name","type":"nstring","uniqueName":"Last_Name","label":"Last_Name","parentObject":"abc.csv","pcType":"UNISTRING","precision":255,"scale":0,"columnIndex":4,"isKey":false,"isExternalId":false,"isSfIdLookup":false,"isNullable":true,"isUnique":false,"isCreateable":false,"isUpdateable":true,"isFilterable":true,"isCalculated":false,"showLabel":false,"naturalOrder":0,"linkedFields":["Last_Name"],"relatedInfos":[],"references":[]},"expression":"Last_Name"},{"@type":"fieldMap","id":"19275865","targetField":{"@type":"field","id":108439017,"name":"Gender","type":"nstring","uniqueName":"Gender","label":"Gender","parentObject":"abc.csv","pcType":"UNISTRING","precision":255,"scale":0,"columnIndex":5,"isKey":false,"isExternalId":false,"isSfIdLookup":false,"isNullable":true,"isUnique":false,"isCreateable":false,"isUpdateable":true,"isFilterable":true,"isCalculated":false,"showLabel":false,"naturalOrder":0,"linkedFields":["Gender"],"relatedInfos":[],"references":[]},"expression":"Gender"},{"@type":"fieldMap","id":"19275867","targetField":{"@type":"field","id":108439019,"name":"E_Mail","type":"nstring","uniqueName":"E_Mail","label":"E_Mail","parentObject":"abc.csv","pcType":"UNISTRING","precision":255,"scale":0,"columnIndex":6,"isKey":false,"isExternalId":false,"isSfIdLookup":false,"isNullable":true,"isUnique":false,"isCreateable":false,"isUpdateable":true,"isFilterable":true,"isCalculated":false,"showLabel":false,"naturalOrder":0,"linkedFields":["E_Mail"],"relatedInfos":[],"references":[]},"expression":"E_Mail"},{"@type":"fieldMap","id":"19275869","targetField":{"@type":"field","id":108439021,"name":"Father_s_Name","type":"nstring","uniqueName":"Father_s_Name","label":"Father_s_Name","parentObject":"abc.csv","pcType":"UNISTRING","precision":255,"scale":0,"columnIndex":7,"isKey":false,"isExternalId":false,"isSfIdLookup":false,"isNullable":true,"isUnique":false,"isCreateable":false,"isUpdateable":true,"isFilterable":true,"isCalculated":false,"showLabel":false,"naturalOrder":0,"linkedFields":["Father_s_Name"],"relatedInfos":[],"references":[]},"expression":"Father_s_Name"},{"@type":"fieldMap","id":"19275871","targetField":{"@type":"field","id":108439023,"name":"Mother_s_Name","type":"nstring","uniqueName":"Mother_s_Name","label":"Mother_s_Name","parentObject":"abc.csv","pcType":"UNISTRING","precision":255,"scale":0,"columnIndex":8,"isKey":false,"isExternalId":false,"isSfIdLookup":false,"isNullable":true,"isUnique":false,"isCreateable":false,"isUpdateable":true,"isFilterable":true,"isCalculated":false,"showLabel":false,"naturalOrder":0,"linkedFields":["Mother_s_Name"],"relatedInfos":[],"references":[]},"expression":"Mother_s_Name"},{"@type":"fieldMap","id":"19275873","targetField":{"@type":"field","id":108439025,"name":"Mother_s_Maiden_Name","type":"nstring","uniqueName":"Mother_s_Maiden_Name","label":"Mother_s_Maiden_Name","parentObject":"abc.csv","pcType":"UNISTRING","precision":255,"scale":0,"columnIndex":9,"isKey":false,"isExternalId":false,"isSfIdLookup":false,"isNullable":true,"isUnique":false,"isCreateable":false,"isUpdateable":true,"isFilterable":true,"isCalculated":false,"showLabel":false,"naturalOrder":0,"linkedFields":["Mother_s_Maiden_Name"],"relatedInfos":[],"references":[]},"expression":"Mother_s_Maiden_Name"},{"@type":"fieldMap","id":"19275875","targetField":{"@type":"field","id":108439027,"name":"Date_of_Birth","type":"nstring","uniqueName":"Date_of_Birth","label":"Date_of_Birth","parentObject":"abc.csv","pcType":"UNISTRING","precision":255,"scale":0,"columnIndex":10,"isKey":false,"isExternalId":false,"isSfIdLookup":false,"isNullable":true,"isUnique":false,"isCreateable":false,"isUpdateable":true,"isFilterable":true,"isCalculated":false,"showLabel":false,"naturalOrder":0,"linkedFields":["Date_of_Birth"],"relatedInfos":[],"references":[]},"expression":"Date_of_Birth"},{"@type":"fieldMap","id":"19275877","targetField":{"@type":"field","id":108439029,"name":"Time_of_Birth","type":"nstring","uniqueName":"Time_of_Birth","label":"Time_of_Birth","parentObject":"abc.csv","pcType":"UNISTRING","precision":255,"scale":0,"columnIndex":11,"isKey":false,"isExternalId":false,"isSfIdLookup":false,"isNullable":true,"isUnique":false,"isCreateable":false,"isUpdateable":true,"isFilterable":true,"isCalculated":false,"showLabel":false,"naturalOrder":0,"linkedFields":["Time_of_Birth"],"relatedInfos":[],"references":[]},"expression":"Time_of_Birth"},{"@type":"fieldMap","id":"19275879","targetField":{"@type":"field","id":108439031,"name":"Age_in_Yrs_","type":"nstring","uniqueName":"Age_in_Yrs_","label":"Age_in_Yrs_","parentObject":"abc.csv","pcType":"UNISTRING","precision":255,"scale":0,"columnIndex":12,"isKey":false,"isExternalId":false,"isSfIdLookup":false,"isNullable":true,"isUnique":false,"isCreateable":false,"isUpdateable":true,"isFilterable":true,"isCalculated":false,"showLabel":false,"naturalOrder":0,"linkedFields":["Age_in_Yrs_"],"relatedInfos":[],"references":[]},"expression":"Age_in_Yrs_"},{"@type":"fieldMap","id":"19275881","targetField":{"@type":"field","id":108439033,"name":"Weight_in_Kgs_","type":"nstring","uniqueName":"Weight_in_Kgs_","label":"Weight_in_Kgs_","parentObject":"abc.csv","pcType":"UNISTRING","precision":255,"scale":0,"columnIndex":13,"isKey":false,"isExternalId":false,"isSfIdLookup":false,"isNullable":true,"isUnique":false,"isCreateable":false,"isUpdateable":true,"isFilterable":true,"isCalculated":false,"showLabel":false,"naturalOrder":0,"linkedFields":["Weight_in_Kgs_"],"relatedInfos":[],"references":[]},"expression":"Weight_in_Kgs_"},{"@type":"fieldMap","id":"19275883","targetField":{"@type":"field","id":108439035,"name":"Date_of_Joining","type":"nstring","uniqueName":"Date_of_Joining","label":"Date_of_Joining","parentObject":"abc.csv","pcType":"UNISTRING","precision":255,"scale":0,"columnIndex":14,"isKey":false,"isExternalId":false,"isSfIdLookup":false,"isNullable":true,"isUnique":false,"isCreateable":false,"isUpdateable":true,"isFilterable":true,"isCalculated":false,"showLabel":false,"naturalOrder":0,"linkedFields":["Date_of_Joining"],"relatedInfos":[],"references":[]},"expression":"Date_of_Joining"},{"@type":"fieldMap","id":"19275885","targetField":{"@type":"field","id":108439037,"name":"Quarter_of_Joining","type":"nstring","uniqueName":"Quarter_of_Joining","label":"Quarter_of_Joining","parentObject":"abc.csv","pcType":"UNISTRING","precision":255,"scale":0,"columnIndex":15,"isKey":false,"isExternalId":false,"isSfIdLookup":false,"isNullable":true,"isUnique":false,"isCreateable":false,"isUpdateable":true,"isFilterable":true,"isCalculated":false,"showLabel":false,"naturalOrder":0,"linkedFields":["Quarter_of_Joining"],"relatedInfos":[],"references":[]},"expression":"Quarter_of_Joining"},{"@type":"fieldMap","id":"19275887","targetField":{"@type":"field","id":108439039,"name":"Half_of_Joining","type":"nstring","uniqueName":"Half_of_Joining","label":"Half_of_Joining","parentObject":"abc.csv","pcType":"UNISTRING","precision":255,"scale":0,"columnIndex":16,"isKey":false,"isExternalId":false,"isSfIdLookup":false,"isNullable":true,"isUnique":false,"isCreateable":false,"isUpdateable":true,"isFilterable":true,"isCalculated":false,"showLabel":false,"naturalOrder":0,"linkedFields":["Half_of_Joining"],"relatedInfos":[],"references":[]},"expression":"Half_of_Joining"},{"@type":"fieldMap","id":"19275889","targetField":{"@type":"field","id":108439041,"name":"Year_of_Joining","type":"nstring","uniqueName":"Year_of_Joining","label":"Year_of_Joining","parentObject":"abc.csv","pcType":"UNISTRING","precision":255,"scale":0,"columnIndex":17,"isKey":false,"isExternalId":false,"isSfIdLookup":false,"isNullable":true,"isUnique":false,"isCreateable":false,"isUpdateable":true,"isFilterable":true,"isCalculated":false,"showLabel":false,"naturalOrder":0,"linkedFields":["Year_of_Joining"],"relatedInfos":[],"references":[]},"expression":"Year_of_Joining"},{"@type":"fieldMap","id":"19275891","targetField":{"@type":"field","id":108439043,"name":"Month_of_Joining","type":"nstring","uniqueName":"Month_of_Joining","label":"Month_of_Joining","parentObject":"abc.csv","pcType":"UNISTRING","precision":255,"scale":0,"columnIndex":18,"isKey":false,"isExternalId":false,"isSfIdLookup":false,"isNullable":true,"isUnique":false,"isCreateable":false,"isUpdateable":true,"isFilterable":true,"isCalculated":false,"showLabel":false,"naturalOrder":0,"linkedFields":["Month_of_Joining"],"relatedInfos":[],"references":[]},"expression":"Month_of_Joining"},{"@type":"fieldMap","id":"19275893","targetField":{"@type":"field","id":108439045,"name":"Month_Name_of_Joining","type":"nstring","uniqueName":"Month_Name_of_Joining","label":"Month_Name_of_Joining","parentObject":"abc.csv","pcType":"UNISTRING","precision":255,"scale":0,"columnIndex":19,"isKey":false,"isExternalId":false,"isSfIdLookup":false,"isNullable":true,"isUnique":false,"isCreateable":false,"isUpdateable":true,"isFilterable":true,"isCalculated":false,"showLabel":false,"naturalOrder":0,"linkedFields":["Month_Name_of_Joining"],"relatedInfos":[],"references":[]},"expression":"Month_Name_of_Joining"},{"@type":"fieldMap","id":"19275895","targetField":{"@type":"field","id":108439047,"name":"Short_Month","type":"nstring","uniqueName":"Short_Month","label":"Short_Month","parentObject":"abc.csv","pcType":"UNISTRING","precision":255,"scale":0,"columnIndex":20,"isKey":false,"isExternalId":false,"isSfIdLookup":false,"isNullable":true,"isUnique":false,"isCreateable":false,"isUpdateable":true,"isFilterable":true,"isCalculated":false,"showLabel":false,"naturalOrder":0,"linkedFields":["Short_Month"],"relatedInfos":[],"references":[]},"expression":"Short_Month"},{"@type":"fieldMap","id":"19275897","targetField":{"@type":"field","id":108439049,"name":"Day_of_Joining","type":"nstring","uniqueName":"Day_of_Joining","label":"Day_of_Joining","parentObject":"abc.csv","pcType":"UNISTRING","precision":255,"scale":0,"columnIndex":21,"isKey":false,"isExternalId":false,"isSfIdLookup":false,"isNullable":true,"isUnique":false,"isCreateable":false,"isUpdateable":true,"isFilterable":true,"isCalculated":false,"showLabel":false,"naturalOrder":0,"linkedFields":["Day_of_Joining"],"relatedInfos":[],"references":[]},"expression":"Day_of_Joining"},{"@type":"fieldMap","id":"19275899","targetField":{"@type":"field","id":108439051,"name":"DOW_of_Joining","type":"nstring","uniqueName":"DOW_of_Joining","label":"DOW_of_Joining","parentObject":"abc.csv","pcType":"UNISTRING","precision":255,"scale":0,"columnIndex":22,"isKey":false,"isExternalId":false,"isSfIdLookup":false,"isNullable":true,"isUnique":false,"isCreateable":false,"isUpdateable":true,"isFilterable":true,"isCalculated":false,"showLabel":false,"naturalOrder":0,"linkedFields":["DOW_of_Joining"],"relatedInfos":[],"references":[]},"expression":"DOW_of_Joining"},{"@type":"fieldMap","id":"19275901","targetField":{"@type":"field","id":108439053,"name":"Short_DOW","type":"nstring","uniqueName":"Short_DOW","label":"Short_DOW","parentObject":"abc.csv","pcType":"UNISTRING","precision":255,"scale":0,"columnIndex":23,"isKey":false,"isExternalId":false,"isSfIdLookup":false,"isNullable":true,"isUnique":false,"isCreateable":false,"isUpdateable":true,"isFilterable":true,"isCalculated":false,"showLabel":false,"naturalOrder":0,"linkedFields":["Short_DOW"],"relatedInfos":[],"references":[]},"expression":"Short_DOW"},{"@type":"fieldMap","id":"19275903","targetField":{"@type":"field","id":108439055,"name":"Age_in_Company__Years_","type":"nstring","uniqueName":"Age_in_Company__Years_","label":"Age_in_Company__Years_","parentObject":"abc.csv","pcType":"UNISTRING","precision":255,"scale":0,"columnIndex":24,"isKey":false,"isExternalId":false,"isSfIdLookup":false,"isNullable":true,"isUnique":false,"isCreateable":false,"isUpdateable":true,"isFilterable":true,"isCalculated":false,"showLabel":false,"naturalOrder":0,"linkedFields":["Age_in_Company__Years_"],"relatedInfos":[],"references":[]},"expression":"Age_in_Company__Years_"},{"@type":"fieldMap","id":"19275905","targetField":{"@type":"field","id":108439057,"name":"Salary","type":"nstring","uniqueName":"Salary","label":"Salary","parentObject":"abc.csv","pcType":"UNISTRING","precision":255,"scale":0,"columnIndex":25,"isKey":false,"isExternalId":false,"isSfIdLookup":false,"isNullable":true,"isUnique":false,"isCreateable":false,"isUpdateable":true,"isFilterable":true,"isCalculated":false,"showLabel":false,"naturalOrder":0,"linkedFields":["Salary"],"relatedInfos":[],"references":[]},"expression":"Salary"},{"@type":"fieldMap","id":"19275907","targetField":{"@type":"field","id":108439059,"name":"Last___Hike","type":"nstring","uniqueName":"Last___Hike","label":"Last___Hike","parentObject":"abc.csv","pcType":"UNISTRING","precision":255,"scale":0,"columnIndex":26,"isKey":false,"isExternalId":false,"isSfIdLookup":false,"isNullable":true,"isUnique":false,"isCreateable":false,"isUpdateable":true,"isFilterable":true,"isCalculated":false,"showLabel":false,"naturalOrder":0,"linkedFields":["Last___Hike"],"relatedInfos":[],"references":[]},"expression":"Last___Hike"},{"@type":"fieldMap","id":"19275909","targetField":{"@type":"field","id":108439061,"name":"SSN","type":"nstring","uniqueName":"SSN","label":"SSN","parentObject":"abc.csv","pcType":"UNISTRING","precision":255,"scale":0,"columnIndex":27,"isKey":false,"isExternalId":false,"isSfIdLookup":false,"isNullable":true,"isUnique":false,"isCreateable":false,"isUpdateable":true,"isFilterable":true,"isCalculated":false,"showLabel":false,"naturalOrder":0,"linkedFields":["SSN"],"relatedInfos":[],"references":[]},"expression":"SSN"},{"@type":"fieldMap","id":"19275911","targetField":{"@type":"field","id":108439063,"name":"Phone_No_","type":"nstring","uniqueName":"Phone_No_","label":"Phone_No_","parentObject":"abc.csv","pcType":"UNISTRING","precision":255,"scale":0,"columnIndex":28,"isKey":false,"isExternalId":false,"isSfIdLookup":false,"isNullable":true,"isUnique":false,"isCreateable":false,"isUpdateable":true,"isFilterable":true,"isCalculated":false,"showLabel":false,"naturalOrder":0,"linkedFields":["Phone_No_"],"relatedInfos":[],"references":[]},"expression":"Phone_No_"},{"@type":"fieldMap","id":"19275913","targetField":{"@type":"field","id":108439065,"name":"Place_Name","type":"nstring","uniqueName":"Place_Name","label":"Place_Name","parentObject":"abc.csv","pcType":"UNISTRING","precision":255,"scale":0,"columnIndex":29,"isKey":false,"isExternalId":false,"isSfIdLookup":false,"isNullable":true,"isUnique":false,"isCreateable":false,"isUpdateable":true,"isFilterable":true,"isCalculated":false,"showLabel":false,"naturalOrder":0,"linkedFields":["Place_Name"],"relatedInfos":[],"references":[]},"expression":"Place_Name"},{"@type":"fieldMap","id":"19275915","targetField":{"@type":"field","id":108439067,"name":"County","type":"nstring","uniqueName":"County","label":"County","parentObject":"abc.csv","pcType":"UNISTRING","precision":255,"scale":0,"columnIndex":30,"isKey":false,"isExternalId":false,"isSfIdLookup":false,"isNullable":true,"isUnique":false,"isCreateable":false,"isUpdateable":true,"isFilterable":true,"isCalculated":false,"showLabel":false,"naturalOrder":0,"linkedFields":["County"],"relatedInfos":[],"references":[]},"expression":"County"},{"@type":"fieldMap","id":"19275917","targetField":{"@type":"field","id":108439069,"name":"City","type":"nstring","uniqueName":"City","label":"City","parentObject":"abc.csv","pcType":"UNISTRING","precision":255,"scale":0,"columnIndex":31,"isKey":false,"isExternalId":false,"isSfIdLookup":false,"isNullable":true,"isUnique":false,"isCreateable":false,"isUpdateable":true,"isFilterable":true,"isCalculated":false,"showLabel":false,"naturalOrder":0,"linkedFields":["City"],"relatedInfos":[],"references":[]},"expression":"City"},{"@type":"fieldMap","id":"19275919","targetField":{"@type":"field","id":108439071,"name":"State","type":"nstring","uniqueName":"State","label":"State","parentObject":"abc.csv","pcType":"UNISTRING","precision":255,"scale":0,"columnIndex":32,"isKey":false,"isExternalId":false,"isSfIdLookup":false,"isNullable":true,"isUnique":false,"isCreateable":false,"isUpdateable":true,"isFilterable":true,"isCalculated":false,"showLabel":false,"naturalOrder":0,"linkedFields":["State"],"relatedInfos":[],"references":[]},"expression":"State"},{"@type":"fieldMap","id":"19275921","targetField":{"@type":"field","id":108439073,"name":"Zip","type":"nstring","uniqueName":"Zip","label":"Zip","parentObject":"abc.csv","pcType":"UNISTRING","precision":255,"scale":0,"columnIndex":33,"isKey":false,"isExternalId":false,"isSfIdLookup":false,"isNullable":true,"isUnique":false,"isCreateable":false,"isUpdateable":true,"isFilterable":true,"isCalculated":false,"showLabel":false,"naturalOrder":0,"linkedFields":["Zip"],"relatedInfos":[],"references":[]},"expression":"Zip"},{"@type":"fieldMap","id":"19275923","targetField":{"@type":"field","id":108439075,"name":"Region","type":"nstring","uniqueName":"Region","label":"Region","parentObject":"abc.csv","pcType":"UNISTRING","precision":255,"scale":0,"columnIndex":34,"isKey":false,"isExternalId":false,"isSfIdLookup":false,"isNullable":true,"isUnique":false,"isCreateable":false,"isUpdateable":true,"isFilterable":true,"isCalculated":false,"showLabel":false,"naturalOrder":0,"linkedFields":["Region"],"relatedInfos":[],"references":[]},"expression":"Region"},{"@type":"fieldMap","id":"19275925","targetField":{"@type":"field","id":108439077,"name":"User_Name","type":"nstring","uniqueName":"User_Name","label":"User_Name","parentObject":"abc.csv","pcType":"UNISTRING","precision":255,"scale":0,"columnIndex":35,"isKey":false,"isExternalId":false,"isSfIdLookup":false,"isNullable":true,"isUnique":false,"isCreateable":false,"isUpdateable":true,"isFilterable":true,"isCalculated":false,"showLabel":false,"naturalOrder":0,"linkedFields":["User_Name"],"relatedInfos":[],"references":[]},"expression":"User_Name"},{"@type":"fieldMap","id":"19275927","targetField":{"@type":"field","id":108439079,"name":"Password","type":"nstring","uniqueName":"Password","label":"Password","parentObject":"abc.csv","pcType":"UNISTRING","precision":255,"scale":0,"columnIndex":36,"isKey":false,"isExternalId":false,"isSfIdLookup":false,"isNullable":true,"isUnique":false,"isCreateable":false,"isUpdateable":true,"isFilterable":true,"isCalculated":false,"showLabel":false,"naturalOrder":0,"linkedFields":["Password"],"relatedInfos":[],"references":[]},"expression":"Password"},{"@type":"fieldMap","id":"19275929","targetField":{"@type":"field","id":108439081,"name":"LastRunDate","type":"nstring","uniqueName":"LastRunDate","label":"LastRunDate","parentObject":"abc.csv","pcType":"UNISTRING","precision":255,"scale":0,"columnIndex":37,"isKey":false,"isExternalId":false,"isSfIdLookup":false,"isNullable":true,"isUnique":false,"isCreateable":false,"isUpdateable":true,"isFilterable":true,"isCalculated":false,"showLabel":false,"naturalOrder":0,"linkedFields":[],"relatedInfos":[],"references":[]}},{"@type":"fieldMap","id":"19275931","targetField":{"@type":"field","id":108439083,"name":"LastRunTime","type":"nstring","uniqueName":"LastRunTime","label":"LastRunTime","parentObject":"abc.csv","pcType":"UNISTRING","precision":255,"scale":0,"columnIndex":38,"isKey":false,"isExternalId":false,"isSfIdLookup":false,"isNullable":true,"isUnique":false,"isCreateable":false,"isUpdateable":true,"isFilterable":true,"isCalculated":false,"showLabel":false,"naturalOrder":0,"linkedFields":[],"relatedInfos":[],"references":[]}}],"sourceFields":[{"@type":"field","id":108439085,"name":"Emp_ID","type":"nstring","uniqueName":"Emp_ID","label":"Emp_ID","parentObject":"emp.csv","pcType":"UNISTRING","precision":255,"scale":0,"columnIndex":0,"isKey":false,"isExternalId":false,"isSfIdLookup":false,"isNullable":true,"isUnique":false,"isCreateable":false,"isUpdateable":true,"isFilterable":true,"isCalculated":false,"showLabel":false,"naturalOrder":0,"linkedFields":["Emp_ID"],"relatedInfos":[],"references":[]},{"@type":"field","id":108439087,"name":"Name_Prefix","type":"nstring","uniqueName":"Name_Prefix","label":"Name_Prefix","parentObject":"emp.csv","pcType":"UNISTRING","precision":255,"scale":0,"columnIndex":1,"isKey":false,"isExternalId":false,"isSfIdLookup":false,"isNullable":true,"isUnique":false,"isCreateable":false,"isUpdateable":true,"isFilterable":true,"isCalculated":false,"showLabel":false,"naturalOrder":0,"linkedFields":["Name_Prefix"],"relatedInfos":[],"references":[]},{"@type":"field","id":108439089,"name":"First_Name","type":"nstring","uniqueName":"First_Name","label":"First_Name","parentObject":"emp.csv","pcType":"UNISTRING","precision":255,"scale":0,"columnIndex":2,"isKey":false,"isExternalId":false,"isSfIdLookup":false,"isNullable":true,"isUnique":false,"isCreateable":false,"isUpdateable":true,"isFilterable":true,"isCalculated":false,"showLabel":false,"naturalOrder":0,"linkedFields":["First_Name"],"relatedInfos":[],"references":[]},{"@type":"field","id":108439091,"name":"Middle_Initial","type":"nstring","uniqueName":"Middle_Initial","label":"Middle_Initial","parentObject":"emp.csv","pcType":"UNISTRING","precision":255,"scale":0,"columnIndex":3,"isKey":false,"isExternalId":false,"isSfIdLookup":false,"isNullable":true,"isUnique":false,"isCreateable":false,"isUpdateable":true,"isFilterable":true,"isCalculated":false,"showLabel":false,"naturalOrder":0,"linkedFields":["Middle_Initial"],"relatedInfos":[],"references":[]},{"@type":"field","id":108439093,"name":"Last_Name","type":"nstring","uniqueName":"Last_Name","label":"Last_Name","parentObject":"emp.csv","pcType":"UNISTRING","precision":255,"scale":0,"columnIndex":4,"isKey":false,"isExternalId":false,"isSfIdLookup":false,"isNullable":true,"isUnique":false,"isCreateable":false,"isUpdateable":true,"isFilterable":true,"isCalculated":false,"showLabel":false,"naturalOrder":0,"linkedFields":["Last_Name"],"relatedInfos":[],"references":[]},{"@type":"field","id":108439095,"name":"Gender","type":"nstring","uniqueName":"Gender","label":"Gender","parentObject":"emp.csv","pcType":"UNISTRING","precision":255,"scale":0,"columnIndex":5,"isKey":false,"isExternalId":false,"isSfIdLookup":false,"isNullable":true,"isUnique":false,"isCreateable":false,"isUpdateable":true,"isFilterable":true,"isCalculated":false,"showLabel":false,"naturalOrder":0,"linkedFields":["Gender"],"relatedInfos":[],"references":[]},{"@type":"field","id":108439097,"name":"E_Mail","type":"nstring","uniqueName":"E_Mail","label":"E_Mail","parentObject":"emp.csv","pcType":"UNISTRING","precision":255,"scale":0,"columnIndex":6,"isKey":false,"isExternalId":false,"isSfIdLookup":false,"isNullable":true,"isUnique":false,"isCreateable":false,"isUpdateable":true,"isFilterable":true,"isCalculated":false,"showLabel":false,"naturalOrder":0,"linkedFields":["E_Mail"],"relatedInfos":[],"references":[]},{"@type":"field","id":108439099,"name":"Father_s_Name","type":"nstring","uniqueName":"Father_s_Name","label":"Father_s_Name","parentObject":"emp.csv","pcType":"UNISTRING","precision":255,"scale":0,"columnIndex":7,"isKey":false,"isExternalId":false,"isSfIdLookup":false,"isNullable":true,"isUnique":false,"isCreateable":false,"isUpdateable":true,"isFilterable":true,"isCalculated":false,"showLabel":false,"naturalOrder":0,"linkedFields":["Father_s_Name"],"relatedInfos":[],"references":[]},{"@type":"field","id":108439101,"name":"Mother_s_Name","type":"nstring","uniqueName":"Mother_s_Name","label":"Mother_s_Name","parentObject":"emp.csv","pcType":"UNISTRING","precision":255,"scale":0,"columnIndex":8,"isKey":false,"isExternalId":false,"isSfIdLookup":false,"isNullable":true,"isUnique":false,"isCreateable":false,"isUpdateable":true,"isFilterable":true,"isCalculated":false,"showLabel":false,"naturalOrder":0,"linkedFields":["Mother_s_Name"],"relatedInfos":[],"references":[]},{"@type":"field","id":108439103,"name":"Mother_s_Maiden_Name","type":"nstring","uniqueName":"Mother_s_Maiden_Name","label":"Mother_s_Maiden_Name","parentObject":"emp.csv","pcType":"UNISTRING","precision":255,"scale":0,"columnIndex":9,"isKey":false,"isExternalId":false,"isSfIdLookup":false,"isNullable":true,"isUnique":false,"isCreateable":false,"isUpdateable":true,"isFilterable":true,"isCalculated":false,"showLabel":false,"naturalOrder":0,"linkedFields":["Mother_s_Maiden_Name"],"relatedInfos":[],"references":[]},{"@type":"field","id":108439105,"name":"Date_of_Birth","type":"nstring","uniqueName":"Date_of_Birth","label":"Date_of_Birth","parentObject":"emp.csv","pcType":"UNISTRING","precision":255,"scale":0,"columnIndex":10,"isKey":false,"isExternalId":false,"isSfIdLookup":false,"isNullable":true,"isUnique":false,"isCreateable":false,"isUpdateable":true,"isFilterable":true,"isCalculated":false,"showLabel":false,"naturalOrder":0,"linkedFields":["Date_of_Birth"],"relatedInfos":[],"references":[]},{"@type":"field","id":108439107,"name":"Time_of_Birth","type":"nstring","uniqueName":"Time_of_Birth","label":"Time_of_Birth","parentObject":"emp.csv","pcType":"UNISTRING","precision":255,"scale":0,"columnIndex":11,"isKey":false,"isExternalId":false,"isSfIdLookup":false,"isNullable":true,"isUnique":false,"isCreateable":false,"isUpdateable":true,"isFilterable":true,"isCalculated":false,"showLabel":false,"naturalOrder":0,"linkedFields":["Time_of_Birth"],"relatedInfos":[],"references":[]},{"@type":"field","id":108439109,"name":"Age_in_Yrs_","type":"nstring","uniqueName":"Age_in_Yrs_","label":"Age_in_Yrs_","parentObject":"emp.csv","pcType":"UNISTRING","precision":255,"scale":0,"columnIndex":12,"isKey":false,"isExternalId":false,"isSfIdLookup":false,"isNullable":true,"isUnique":false,"isCreateable":false,"isUpdateable":true,"isFilterable":true,"isCalculated":false,"showLabel":false,"naturalOrder":0,"linkedFields":["Age_in_Yrs_"],"relatedInfos":[],"references":[]},{"@type":"field","id":108439111,"name":"Weight_in_Kgs_","type":"nstring","uniqueName":"Weight_in_Kgs_","label":"Weight_in_Kgs_","parentObject":"emp.csv","pcType":"UNISTRING","precision":255,"scale":0,"columnIndex":13,"isKey":false,"isExternalId":false,"isSfIdLookup":false,"isNullable":true,"isUnique":false,"isCreateable":false,"isUpdateable":true,"isFilterable":true,"isCalculated":false,"showLabel":false,"naturalOrder":0,"linkedFields":["Weight_in_Kgs_"],"relatedInfos":[],"references":[]},{"@type":"field","id":108439113,"name":"Date_of_Joining","type":"nstring","uniqueName":"Date_of_Joining","label":"Date_of_Joining","parentObject":"emp.csv","pcType":"UNISTRING","precision":255,"scale":0,"columnIndex":14,"isKey":false,"isExternalId":false,"isSfIdLookup":false,"isNullable":true,"isUnique":false,"isCreateable":false,"isUpdateable":true,"isFilterable":true,"isCalculated":false,"showLabel":false,"naturalOrder":0,"linkedFields":["Date_of_Joining"],"relatedInfos":[],"references":[]},{"@type":"field","id":108439115,"name":"Quarter_of_Joining","type":"nstring","uniqueName":"Quarter_of_Joining","label":"Quarter_of_Joining","parentObject":"emp.csv","pcType":"UNISTRING","precision":255,"scale":0,"columnIndex":15,"isKey":false,"isExternalId":false,"isSfIdLookup":false,"isNullable":true,"isUnique":false,"isCreateable":false,"isUpdateable":true,"isFilterable":true,"isCalculated":false,"showLabel":false,"naturalOrder":0,"linkedFields":["Quarter_of_Joining"],"relatedInfos":[],"references":[]},{"@type":"field","id":108439117,"name":"Half_of_Joining","type":"nstring","uniqueName":"Half_of_Joining","label":"Half_of_Joining","parentObject":"emp.csv","pcType":"UNISTRING","precision":255,"scale":0,"columnIndex":16,"isKey":false,"isExternalId":false,"isSfIdLookup":false,"isNullable":true,"isUnique":false,"isCreateable":false,"isUpdateable":true,"isFilterable":true,"isCalculated":false,"showLabel":false,"naturalOrder":0,"linkedFields":["Half_of_Joining"],"relatedInfos":[],"references":[]},{"@type":"field","id":108439119,"name":"Year_of_Joining","type":"nstring","uniqueName":"Year_of_Joining","label":"Year_of_Joining","parentObject":"emp.csv","pcType":"UNISTRING","precision":255,"scale":0,"columnIndex":17,"isKey":false,"isExternalId":false,"isSfIdLookup":false,"isNullable":true,"isUnique":false,"isCreateable":false,"isUpdateable":true,"isFilterable":true,"isCalculated":false,"showLabel":false,"naturalOrder":0,"linkedFields":["Year_of_Joining"],"relatedInfos":[],"references":[]},{"@type":"field","id":108439121,"name":"Month_of_Joining","type":"nstring","uniqueName":"Month_of_Joining","label":"Month_of_Joining","parentObject":"emp.csv","pcType":"UNISTRING","precision":255,"scale":0,"columnIndex":18,"isKey":false,"isExternalId":false,"isSfIdLookup":false,"isNullable":true,"isUnique":false,"isCreateable":false,"isUpdateable":true,"isFilterable":true,"isCalculated":false,"showLabel":false,"naturalOrder":0,"linkedFields":["Month_of_Joining"],"relatedInfos":[],"references":[]},{"@type":"field","id":108439123,"name":"Month_Name_of_Joining","type":"nstring","uniqueName":"Month_Name_of_Joining","label":"Month_Name_of_Joining","parentObject":"emp.csv","pcType":"UNISTRING","precision":255,"scale":0,"columnIndex":19,"isKey":false,"isExternalId":false,"isSfIdLookup":false,"isNullable":true,"isUnique":false,"isCreateable":false,"isUpdateable":true,"isFilterable":true,"isCalculated":false,"showLabel":false,"naturalOrder":0,"linkedFields":["Month_Name_of_Joining"],"relatedInfos":[],"references":[]},{"@type":"field","id":108439125,"name":"Short_Month","type":"nstring","uniqueName":"Short_Month","label":"Short_Month","parentObject":"emp.csv","pcType":"UNISTRING","precision":255,"scale":0,"columnIndex":20,"isKey":false,"isExternalId":false,"isSfIdLookup":false,"isNullable":true,"isUnique":false,"isCreateable":false,"isUpdateable":true,"isFilterable":true,"isCalculated":false,"showLabel":false,"naturalOrder":0,"linkedFields":["Short_Month"],"relatedInfos":[],"references":[]},{"@type":"field","id":108439127,"name":"Day_of_Joining","type":"nstring","uniqueName":"Day_of_Joining","label":"Day_of_Joining","parentObject":"emp.csv","pcType":"UNISTRING","precision":255,"scale":0,"columnIndex":21,"isKey":false,"isExternalId":false,"isSfIdLookup":false,"isNullable":true,"isUnique":false,"isCreateable":false,"isUpdateable":true,"isFilterable":true,"isCalculated":false,"showLabel":false,"naturalOrder":0,"linkedFields":["Day_of_Joining"],"relatedInfos":[],"references":[]},{"@type":"field","id":108439129,"name":"DOW_of_Joining","type":"nstring","uniqueName":"DOW_of_Joining","label":"DOW_of_Joining","parentObject":"emp.csv","pcType":"UNISTRING","precision":255,"scale":0,"columnIndex":22,"isKey":false,"isExternalId":false,"isSfIdLookup":false,"isNullable":true,"isUnique":false,"isCreateable":false,"isUpdateable":true,"isFilterable":true,"isCalculated":false,"showLabel":false,"naturalOrder":0,"linkedFields":["DOW_of_Joining"],"relatedInfos":[],"references":[]},{"@type":"field","id":108439131,"name":"Short_DOW","type":"nstring","uniqueName":"Short_DOW","label":"Short_DOW","parentObject":"emp.csv","pcType":"UNISTRING","precision":255,"scale":0,"columnIndex":23,"isKey":false,"isExternalId":false,"isSfIdLookup":false,"isNullable":true,"isUnique":false,"isCreateable":false,"isUpdateable":true,"isFilterable":true,"isCalculated":false,"showLabel":false,"naturalOrder":0,"linkedFields":["Short_DOW"],"relatedInfos":[],"references":[]},{"@type":"field","id":108439133,"name":"Age_in_Company__Years_","type":"nstring","uniqueName":"Age_in_Company__Years_","label":"Age_in_Company__Years_","parentObject":"emp.csv","pcType":"UNISTRING","precision":255,"scale":0,"columnIndex":24,"isKey":false,"isExternalId":false,"isSfIdLookup":false,"isNullable":true,"isUnique":false,"isCreateable":false,"isUpdateable":true,"isFilterable":true,"isCalculated":false,"showLabel":false,"naturalOrder":0,"linkedFields":["Age_in_Company__Years_"],"relatedInfos":[],"references":[]},{"@type":"field","id":108439135,"name":"Salary","type":"nstring","uniqueName":"Salary","label":"Salary","parentObject":"emp.csv","pcType":"UNISTRING","precision":255,"scale":0,"columnIndex":25,"isKey":false,"isExternalId":false,"isSfIdLookup":false,"isNullable":true,"isUnique":false,"isCreateable":false,"isUpdateable":true,"isFilterable":true,"isCalculated":false,"showLabel":false,"naturalOrder":0,"linkedFields":["Salary"],"relatedInfos":[],"references":[]},{"@type":"field","id":108439137,"name":"Last___Hike","type":"nstring","uniqueName":"Last___Hike","label":"Last___Hike","parentObject":"emp.csv","pcType":"UNISTRING","precision":255,"scale":0,"columnIndex":26,"isKey":false,"isExternalId":false,"isSfIdLookup":false,"isNullable":true,"isUnique":false,"isCreateable":false,"isUpdateable":true,"isFilterable":true,"isCalculated":false,"showLabel":false,"naturalOrder":0,"linkedFields":["Last___Hike"],"relatedInfos":[],"references":[]},{"@type":"field","id":108439139,"name":"SSN","type":"nstring","uniqueName":"SSN","label":"SSN","parentObject":"emp.csv","pcType":"UNISTRING","precision":255,"scale":0,"columnIndex":27,"isKey":false,"isExternalId":false,"isSfIdLookup":false,"isNullable":true,"isUnique":false,"isCreateable":false,"isUpdateable":true,"isFilterable":true,"isCalculated":false,"showLabel":false,"naturalOrder":0,"linkedFields":["SSN"],"relatedInfos":[],"references":[]},{"@type":"field","id":108439141,"name":"Phone_No_","type":"nstring","uniqueName":"Phone_No_","label":"Phone_No_","parentObject":"emp.csv","pcType":"UNISTRING","precision":255,"scale":0,"columnIndex":28,"isKey":false,"isExternalId":false,"isSfIdLookup":false,"isNullable":true,"isUnique":false,"isCreateable":false,"isUpdateable":true,"isFilterable":true,"isCalculated":false,"showLabel":false,"naturalOrder":0,"linkedFields":["Phone_No_"],"relatedInfos":[],"references":[]},{"@type":"field","id":108439143,"name":"Place_Name","type":"nstring","uniqueName":"Place_Name","label":"Place_Name","parentObject":"emp.csv","pcType":"UNISTRING","precision":255,"scale":0,"columnIndex":29,"isKey":false,"isExternalId":false,"isSfIdLookup":false,"isNullable":true,"isUnique":false,"isCreateable":false,"isUpdateable":true,"isFilterable":true,"isCalculated":false,"showLabel":false,"naturalOrder":0,"linkedFields":["Place_Name"],"relatedInfos":[],"references":[]},{"@type":"field","id":108439145,"name":"County","type":"nstring","uniqueName":"County","label":"County","parentObject":"emp.csv","pcType":"UNISTRING","precision":255,"scale":0,"columnIndex":30,"isKey":false,"isExternalId":false,"isSfIdLookup":false,"isNullable":true,"isUnique":false,"isCreateable":false,"isUpdateable":true,"isFilterable":true,"isCalculated":false,"showLabel":false,"naturalOrder":0,"linkedFields":["County"],"relatedInfos":[],"references":[]},{"@type":"field","id":108439147,"name":"City","type":"nstring","uniqueName":"City","label":"City","parentObject":"emp.csv","pcType":"UNISTRING","precision":255,"scale":0,"columnIndex":31,"isKey":false,"isExternalId":false,"isSfIdLookup":false,"isNullable":true,"isUnique":false,"isCreateable":false,"isUpdateable":true,"isFilterable":true,"isCalculated":false,"showLabel":false,"naturalOrder":0,"linkedFields":["City"],"relatedInfos":[],"references":[]},{"@type":"field","id":108439149,"name":"State","type":"nstring","uniqueName":"State","label":"State","parentObject":"emp.csv","pcType":"UNISTRING","precision":255,"scale":0,"columnIndex":32,"isKey":false,"isExternalId":false,"isSfIdLookup":false,"isNullable":true,"isUnique":false,"isCreateable":false,"isUpdateable":true,"isFilterable":true,"isCalculated":false,"showLabel":false,"naturalOrder":0,"linkedFields":["State"],"relatedInfos":[],"references":[]},{"@type":"field","id":108439151,"name":"Zip","type":"nstring","uniqueName":"Zip","label":"Zip","parentObject":"emp.csv","pcType":"UNISTRING","precision":255,"scale":0,"columnIndex":33,"isKey":false,"isExternalId":false,"isSfIdLookup":false,"isNullable":true,"isUnique":false,"isCreateable":false,"isUpdateable":true,"isFilterable":true,"isCalculated":false,"showLabel":false,"naturalOrder":0,"linkedFields":["Zip"],"relatedInfos":[],"references":[]},{"@type":"field","id":108439153,"name":"Region","type":"nstring","uniqueName":"Region","label":"Region","parentObject":"emp.csv","pcType":"UNISTRING","precision":255,"scale":0,"columnIndex":34,"isKey":false,"isExternalId":false,"isSfIdLookup":false,"isNullable":true,"isUnique":false,"isCreateable":false,"isUpdateable":true,"isFilterable":true,"isCalculated":false,"showLabel":false,"naturalOrder":0,"linkedFields":["Region"],"relatedInfos":[],"references":[]},{"@type":"field","id":108439155,"name":"User_Name","type":"nstring","uniqueName":"User_Name","label":"User_Name","parentObject":"emp.csv","pcType":"UNISTRING","precision":255,"scale":0,"columnIndex":35,"isKey":false,"isExternalId":false,"isSfIdLookup":false,"isNullable":true,"isUnique":false,"isCreateable":false,"isUpdateable":true,"isFilterable":true,"isCalculated":false,"showLabel":false,"naturalOrder":0,"linkedFields":["User_Name"],"relatedInfos":[],"references":[]},{"@type":"field","id":108439157,"name":"Password","type":"nstring","uniqueName":"Password","label":"Password","parentObject":"emp.csv","pcType":"UNISTRING","precision":255,"scale":0,"columnIndex":36,"isKey":false,"isExternalId":false,"isSfIdLookup":false,"isNullable":true,"isUnique":false,"isCreateable":false,"isUpdateable":true,"isFilterable":true,"isCalculated":false,"showLabel":false,"naturalOrder":0,"linkedFields":["Password"],"relatedInfos":[],"references":[]}],"sortFields":[],"groupFields":[]}]