[{"@type":"mappingTemplate","id":"@1","name":"BulkUnlink_Mapping_SQL_FF_1","description":"Pod Certification Task: Mapping has a src and a target. ","bundleVersion":"0","templateId":"@3","deployTime":1601733555000,"hasParameters":false,"valid":true,"fixedConnection":true,"hasParametersDeployed":false,"fixedConnectionDeployed":true,"tasks":1,"mappingPreviewFileRecordId":"@2","references":[{"@type":"reference","refObjectId":"@a6WeRJA95ECbh3cj0Nr1u9","refType":"connection"},{"@type":"reference","refObjectId":"@cfOz7TkAfOae5dRiv9yJ4h","refType":"connection"}]}]