[{"@type":"drsTask","id":"@1","name":"BulkUnlink_1_Multi_Asset_DRS","description":"This is DRS for Pod Certification","errorTaskEmail":{"@type":"taskEmail","id":103693,"emails":"emailqaverify1@gmail.com","emailType":"ERROR"},"successTaskEmail":{"@type":"taskEmail","id":103694,"emails":"emailqaverify1@gmail.com","emailType":"SUCCESS"},"warningTaskEmail":{"@type":"taskEmail","id":103695,"emails":"emailqaverify1@gmail.com","emailType":"WARNING"},"maxLogs":10,"sourceConnectionId":"@2M7X50KrTcpcdhnA4KDyeU","targetConnectionId":"@gKeTJhn384Zfphs3KfyCGI","tablePrefix":"PC_DRS32_","verbose":false,"fullRefresh":true,"replicateAllObjects":false,"removeDeleted":true,"queryAll":false,"srcShowLabels":false,"maxRows":0,"stopOnError":true,"replicationObjects":["PC_DRS_ALL_DT_SQL2008"],"excludedReplicationObjects":[],"majorUpdateTime":1592574584000,"metadataMode":0,"bulkApi":false,"base64BodySize":0.0,"bulkApiDBTarget":false,"fieldExclusions":[],"filters":[{"@type":"filter","objectName":"PC_DRS_ALL_DT_SQL2008","field":"F4_CHAR_DEF","fieldLabel":"F4_CHAR_DEF","type":"STRING","operator":"equals","value":"TEST1"}],"advancedFilters":[],"srcRuntimeAttrs":{"@type":"taskRuntimeAttrs","attrs":{}}}]