[{"@type":"workflow","id":"@1","name":"LTF_inlineActionDepen2 - Copy 2","maxLogs":10,"references":[{"@type":"reference","refObjectId":"@8EIYujA86SDlFHlUHbAxY3","refType":"mtTask"},{"@type":"reference","refObjectId":"@9BDCZHNfgPHdkhHdF1B44r","refType":"drsTask"},{"@type":"reference","refObjectId":"@53BYtkzTtIik08o8WmS3AH","refType":"dssTask"},{"@type":"reference","refObjectId":"@05ZUMhLRVYYhyaMNHfHAsH","refType":"pcsTask"}],"tasks":[{"@type":"workflowTask","taskId":"@8EIYujA86SDlFHlUHbAxY3","type":"MTT","name":"MCT_inlineActionDepen2","stopOnError":false,"stopOnWarning":false},{"@type":"workflowTask","taskId":"@9BDCZHNfgPHdkhHdF1B44r","type":"DRS","name":"drs_inlineActionDepen","stopOnError":false,"stopOnWarning":false},{"@type":"workflowTask","taskId":"@53BYtkzTtIik08o8WmS3AH","type":"DSS","name":"dss_inlineActionDepen","stopOnError":false,"stopOnWarning":false},{"@type":"workflowTask","taskId":"@05ZUMhLRVYYhyaMNHfHAsH","type":"PCS","name":"PCS_inlineActionDepen","stopOnError":false,"stopOnWarning":false}]}]