[{"@type":"workflow","id":"@1","name":"BulkUnlink_LTF_FF_FF","maxLogs":10,"references":[{"@type":"reference","refObjectId":"@0pemNgbBcFIkLKzNEuamks","refType":"mtTask"},{"@type":"reference","refObjectId":"@78BIBrg9H67fM0NUqv8mCN","refType":"dssTask"}],"tasks":[{"@type":"workflowTask","taskId":"@0pemNgbBcFIkLKzNEuamks","type":"MTT","name":"BulkUnlink_LTF_Mapping_Task","stopOnError":false,"stopOnWarning":false},{"@type":"workflowTask","taskId":"@78BIBrg9H67fM0NUqv8mCN","type":"DSS","name":"BulkUnlink_LTF_DSS_FF_FF","stopOnError":false,"stopOnWarning":false}]}]