[{"@type":"workflow","id":"@1","name":"BulkUnlink_LTF_FF_FF","maxLogs":10,"references":[{"@type":"reference","refObjectId":"@arV3cliqf6xgDW5HurK2ad","refType":"mtTask"},{"@type":"reference","refObjectId":"@0MZ1NBJdvshhOv17Eax1UH","refType":"dssTask"}],"tasks":[{"@type":"workflowTask","taskId":"@arV3cliqf6xgDW5HurK2ad","type":"MTT","name":"BulkUnlink_LTF_Mapping_Task","stopOnError":false,"stopOnWarning":false},{"@type":"workflowTask","taskId":"@0MZ1NBJdvshhOv17Eax1UH","type":"DSS","name":"BulkUnlink_LTF_DSS_FF_FF","stopOnError":false,"stopOnWarning":false}]}]