[{"@type":"workflow","id":"@1","name":"BulkUnlink_LTF_FF_FF","maxLogs":10,"references":[{"@type":"reference","refObjectId":"@0hk2GJKzMkMbp9xMtvmQCU","refType":"mtTask"},{"@type":"reference","refObjectId":"@1RR5O0yDrIIhRp6QkAeaki","refType":"dssTask"}],"tasks":[{"@type":"workflowTask","taskId":"@0hk2GJKzMkMbp9xMtvmQCU","type":"MTT","name":"BulkUnlink_LTF_Mapping_Task","stopOnError":false,"stopOnWarning":false},{"@type":"workflowTask","taskId":"@1RR5O0yDrIIhRp6QkAeaki","type":"DSS","name":"BulkUnlink_LTF_DSS_FF_FF","stopOnError":false,"stopOnWarning":false}]}]