[{"@type":"workflow","id":"@1","name":"BulkUnlink_LTF_FF_FF","maxLogs":10,"references":[{"@type":"reference","refObjectId":"@lKPZoXzonSCiFUiJsfvx2w","refType":"mtTask"},{"@type":"reference","refObjectId":"@5SNXqcgRwudltESq8ezEg1","refType":"dssTask"}],"tasks":[{"@type":"workflowTask","taskId":"@lKPZoXzonSCiFUiJsfvx2w","type":"MTT","name":"BulkUnlink_LTF_Mapping_Task","stopOnError":false,"stopOnWarning":false},{"@type":"workflowTask","taskId":"@5SNXqcgRwudltESq8ezEg1","type":"DSS","name":"BulkUnlink_LTF_DSS_FF_FF","stopOnError":false,"stopOnWarning":false}]}]