[{"@type":"workflow","id":"@1","name":"BulkUnlink_LTF_FF_FF","maxLogs":10,"references":[{"@type":"reference","refObjectId":"@6zC1Unj0vx9ktc1mSbQtOL","refType":"mtTask"},{"@type":"reference","refObjectId":"@aYTyq66zvpPjdd6HcOwVIj","refType":"dssTask"}],"tasks":[{"@type":"workflowTask","taskId":"@6zC1Unj0vx9ktc1mSbQtOL","type":"MTT","name":"BulkUnlink_LTF_Mapping_Task","stopOnError":false,"stopOnWarning":false},{"@type":"workflowTask","taskId":"@aYTyq66zvpPjdd6HcOwVIj","type":"DSS","name":"BulkUnlink_LTF_DSS_FF_FF","stopOnError":false,"stopOnWarning":false}]}]