[{"@type":"workflow","id":"@1","name":"BulkUnlink_LTF_FF_FF","maxLogs":10,"references":[{"@type":"reference","refObjectId":"@eTHQBOzKnsQcrwkmifXGgD","refType":"mtTask"},{"@type":"reference","refObjectId":"@3WoWtwGs4kIj5UDxcnX967","refType":"dssTask"}],"tasks":[{"@type":"workflowTask","taskId":"@eTHQBOzKnsQcrwkmifXGgD","type":"MTT","name":"BulkUnlink_LTF_Mapping_Task","stopOnError":false,"stopOnWarning":false},{"@type":"workflowTask","taskId":"@3WoWtwGs4kIj5UDxcnX967","type":"DSS","name":"BulkUnlink_LTF_DSS_FF_FF","stopOnError":false,"stopOnWarning":false}]}]