[{"@type":"workflow","id":"@1","name":"BulkUnlink_LTF_FF_FF","maxLogs":10,"references":[{"@type":"reference","refObjectId":"@6MWAeR6nt2Oj8v9DItfiwQ","refType":"mtTask"},{"@type":"reference","refObjectId":"@e6JnDguEAi4hIMSSgVZ8sZ","refType":"dssTask"}],"tasks":[{"@type":"workflowTask","taskId":"@6MWAeR6nt2Oj8v9DItfiwQ","type":"MTT","name":"BulkUnlink_LTF_Mapping_Task","stopOnError":false,"stopOnWarning":false},{"@type":"workflowTask","taskId":"@e6JnDguEAi4hIMSSgVZ8sZ","type":"DSS","name":"BulkUnlink_LTF_DSS_FF_FF","stopOnError":false,"stopOnWarning":false}]}]