[{"@type":"workflow","id":"@1","name":"BulkUnlink_LTF_FF_FF","maxLogs":10,"references":[{"@type":"reference","refObjectId":"@elZlbNlErKlgcIvtXimlII","refType":"mtTask"},{"@type":"reference","refObjectId":"@f6GoRkDRWyzg8xW3Wx4GkQ","refType":"dssTask"}],"tasks":[{"@type":"workflowTask","taskId":"@elZlbNlErKlgcIvtXimlII","type":"MTT","name":"BulkUnlink_LTF_Mapping_Task","stopOnError":false,"stopOnWarning":false},{"@type":"workflowTask","taskId":"@f6GoRkDRWyzg8xW3Wx4GkQ","type":"DSS","name":"BulkUnlink_LTF_DSS_FF_FF","stopOnError":false,"stopOnWarning":false}]}]