[{"@type":"drsTask","id":"@1","name":"BulkUnlink_Multi_Asset_DRS","description":"This is DRS for Pod Certification","errorTaskEmail":{"@type":"taskEmail","id":981289,"emails":"emailqaverify1@gmail.com","emailType":"ERROR"},"successTaskEmail":{"@type":"taskEmail","id":981291,"emails":"emailqaverify1@gmail.com","emailType":"SUCCESS"},"warningTaskEmail":{"@type":"taskEmail","id":981293,"emails":"emailqaverify1@gmail.com","emailType":"WARNING"},"maxLogs":10,"sourceConnectionId":"@6p9KZb2QbahkOGEk5qGOcd","targetConnectionId":"@a0FDRjcza6gkXh5PNvsAKw","tablePrefix":"PC_DRS3222_","verbose":false,"fullRefresh":true,"replicateAllObjects":false,"removeDeleted":true,"queryAll":false,"srcShowLabels":false,"maxRows":0,"stopOnError":true,"replicationObjects":["PC_DRS_ALL_DT_SQL2008"],"excludedReplicationObjects":[],"majorUpdateTime":1608363012000,"metadataMode":0,"bulkApi":false,"base64BodySize":0.0,"bulkApiDBTarget":false,"fieldExclusions":[],"filters":[{"@type":"filter","objectName":"PC_DRS_ALL_DT_SQL2008","field":"F4_CHAR_DEF","fieldLabel":"F4_CHAR_DEF","type":"STRING","operator":"equals","value":"TEST1"}],"advancedFilters":[],"srcRuntimeAttrs":{"@type":"taskRuntimeAttrs","attrs":{}}}]