[{"@type":"drsTask","id":"@1","name":"MultiUnlink_DRS","maxLogs":10,"sourceConnectionId":"@52D31ZE1mo8iUoclV1C2sD","targetConnectionId":"@jRsxQ4Cb6eafjW0y24dp2o","tablePrefix":"SF_out423","verbose":false,"fullRefresh":true,"replicateAllObjects":true,"removeDeleted":true,"queryAll":false,"srcShowLabels":false,"maxRows":0,"stopOnError":true,"replicationObjects":[],"excludedReplicationObjects":[],"majorUpdateTime":1595276102000,"metadataMode":0,"bulkApi":false,"base64BodySize":0.0,"bulkApiDBTarget":false,"fieldExclusions":[],"filters":[],"advancedFilters":[],"srcRuntimeAttrs":{"@type":"taskRuntimeAttrs","attrs":{}}}]