[{"@type":"workflow","id":"@1","name":"BulkUnlink_LTF_FF_FF","maxLogs":10,"references":[{"@type":"reference","refObjectId":"@7BD40yWq24GjlIPK15WPuG","refType":"mtTask"},{"@type":"reference","refObjectId":"@8ono5ekVOAekz6sNP6JPEj","refType":"dssTask"}],"tasks":[{"@type":"workflowTask","taskId":"@7BD40yWq24GjlIPK15WPuG","type":"MTT","name":"BulkUnlink_LTF_Mapping_Task","stopOnError":false,"stopOnWarning":false},{"@type":"workflowTask","taskId":"@8ono5ekVOAekz6sNP6JPEj","type":"DSS","name":"BulkUnlink_LTF_DSS_FF_FF","stopOnError":false,"stopOnWarning":false}]}]