[{"@type":"workflow","id":"@1","name":"BulkUnlink_LTF_FF_FF","maxLogs":10,"references":[{"@type":"reference","refObjectId":"@ipqSGHZ4e6flIJ5WYmN7w1","refType":"mtTask"},{"@type":"reference","refObjectId":"@7LMwPwn4V8xlCOkGroq5sC","refType":"dssTask"}],"tasks":[{"@type":"workflowTask","taskId":"@ipqSGHZ4e6flIJ5WYmN7w1","type":"MTT","name":"BulkUnlink_LTF_Mapping_Task","stopOnError":false,"stopOnWarning":false},{"@type":"workflowTask","taskId":"@7LMwPwn4V8xlCOkGroq5sC","type":"DSS","name":"BulkUnlink_LTF_DSS_FF_FF","stopOnError":false,"stopOnWarning":false}]}]