[{"@type":"workflow","id":"@1","name":"BulkUnlink_LTF_FF_FF","maxLogs":10,"references":[{"@type":"reference","refObjectId":"@0r3j1MMII27jOSwDclh9UV","refType":"mtTask"},{"@type":"reference","refObjectId":"@3aoLjNsmxCdeRgfXVVBq4n","refType":"dssTask"}],"tasks":[{"@type":"workflowTask","taskId":"@0r3j1MMII27jOSwDclh9UV","type":"MTT","name":"BulkUnlink_LTF_Mapping_Task","stopOnError":false,"stopOnWarning":false},{"@type":"workflowTask","taskId":"@3aoLjNsmxCdeRgfXVVBq4n","type":"DSS","name":"BulkUnlink_LTF_DSS_FF_FF","stopOnError":false,"stopOnWarning":false}]}]