[{"@type":"workflow","id":"@1","name":"BulkUnlink_LTF_FF_FF","maxLogs":10,"references":[{"@type":"reference","refObjectId":"@3Dab64rMYU5iFS7uslfC2N","refType":"mtTask"},{"@type":"reference","refObjectId":"@2sCZsPGVPFTkA4IRt1vWKV","refType":"dssTask"}],"tasks":[{"@type":"workflowTask","taskId":"@3Dab64rMYU5iFS7uslfC2N","type":"MTT","name":"BulkUnlink_LTF_Mapping_Task","stopOnError":false,"stopOnWarning":false},{"@type":"workflowTask","taskId":"@2sCZsPGVPFTkA4IRt1vWKV","type":"DSS","name":"BulkUnlink_LTF_DSS_FF_FF","stopOnError":false,"stopOnWarning":false}]}]