[{"@type":"workflow","id":"@1","name":"BulkUnlink_LTF_FF_FF","maxLogs":10,"references":[{"@type":"reference","refObjectId":"@8ve2ZVuLc3PfWdpgcpuKET","refType":"mtTask"},{"@type":"reference","refObjectId":"@3z5aJIRMz44jkad3FA2YWJ","refType":"dssTask"}],"tasks":[{"@type":"workflowTask","taskId":"@8ve2ZVuLc3PfWdpgcpuKET","type":"MTT","name":"BulkUnlink_LTF_Mapping_Task","stopOnError":false,"stopOnWarning":false},{"@type":"workflowTask","taskId":"@3z5aJIRMz44jkad3FA2YWJ","type":"DSS","name":"BulkUnlink_LTF_DSS_FF_FF","stopOnError":false,"stopOnWarning":false}]}]