[{"@type":"workflow","id":"@1","name":"BulkUnlink_LTF_FF_FF","maxLogs":10,"references":[{"@type":"reference","refObjectId":"@2NZL4MIluODc94MxHrJco0","refType":"mtTask"},{"@type":"reference","refObjectId":"@0V6OHqaL1APb8x9Zk18WYw","refType":"dssTask"}],"tasks":[{"@type":"workflowTask","taskId":"@2NZL4MIluODc94MxHrJco0","type":"MTT","name":"BulkUnlink_LTF_Mapping_Task","stopOnError":false,"stopOnWarning":false},{"@type":"workflowTask","taskId":"@0V6OHqaL1APb8x9Zk18WYw","type":"DSS","name":"BulkUnlink_LTF_DSS_FF_FF","stopOnError":false,"stopOnWarning":false}]}]