[{"@type":"dssTask","id":"@1","name":"BulkUnlink_LTF_DSS_FF_FF","description":"","maxLogs":10,"sourceConnectionId":"@a0FDRjcza6gkXh5PNvsAKw","targetConnectionId":"@a0FDRjcza6gkXh5PNvsAKw","targetObject":"PC_LTF_FF_TGT.csv","targetObjectLabel":"PC_LTF_FF_TGT.csv","operation":"Insert","maxRows":0,"truncateTarget":false,"bulkApiDBTarget":false,"verbose":false,"srcFlatFileAttrs":{"@type":"flatFileAttrs","id":2234713,"delimiter":",","textQualifier":"\"","escapeChar":"","headerLineNo":1,"firstDataRow":2},"tgtFlatFileAttrs":{"@type":"flatFileAttrs","id":2234715,"delimiter":",","textQualifier":"\"","escapeChar":"","headerLineNo":1,"firstDataRow":2},"targetMetadataUpdated":false,"modelVersion":"V3-R600","queryAll":false,"srcSettings":{"@type":"taskDataSourceSetting","isShowLabels":false,"isNaturalOrder":true},"tgtSettings":{"@type":"taskDataSourceSetting","isShowLabels":false,"isNaturalOrder":true},"cfSettings":{"@type":"taskDataSourceSetting","isShowLabels":false,"isNaturalOrder":true},"bulkApi":false,"bulkApiSerialMode":false,"bulkApiMonitor":false,"isTargetObjectSfCustom":false,"allowNullUpdates":false,"targetBatchSize":200,"assignmentRuleId":"-1","assignmentRuleType":"None","createSuccessFile":false,"bulkApiHardDelete":false,"srcRuntimeAttrs":{"@type":"taskRuntimeAttrs","attrs":{}},"tgtRuntimeAttrs":{"@type":"taskRuntimeAttrs","attrs":{}},"parameterFileEncoding":"UTF-8","sourceObjects":[{"@type":"mObject","name":"PC_LTF_FF_SRC.csv","label":"PC_LTF_FF_SRC.csv","metadataUpdated":false,"relations":[],"children":[]}],"advancedFilters":[],"filters":[],"fieldMaps":[{"@type":"fieldMap","id":"22698033","targetField":{"@type":"field","id":118639357,"name":"CATEGORYID","type":"nstring","uniqueName":"CATEGORYID","label":"CATEGORYID","parentObject":"PC_LTF_FF_TGT.csv","pcType":"UNISTRING","precision":255,"scale":0,"columnIndex":0,"isKey":false,"isExternalId":false,"isSfIdLookup":false,"isNullable":true,"isUnique":false,"isCreateable":false,"isUpdateable":true,"isFilterable":true,"isCalculated":false,"showLabel":false,"naturalOrder":0,"linkedFields":["CATEGORYID"],"relatedInfos":[],"references":[]},"expression":"CATEGORYID"},{"@type":"fieldMap","id":"22698035","targetField":{"@type":"field","id":118639359,"name":"CATEGORYNAME","type":"nstring","uniqueName":"CATEGORYNAME","label":"CATEGORYNAME","parentObject":"PC_LTF_FF_TGT.csv","pcType":"UNISTRING","precision":255,"scale":0,"columnIndex":1,"isKey":false,"isExternalId":false,"isSfIdLookup":false,"isNullable":true,"isUnique":false,"isCreateable":false,"isUpdateable":true,"isFilterable":true,"isCalculated":false,"showLabel":false,"naturalOrder":0,"linkedFields":["CATEGORYNAME"],"relatedInfos":[],"references":[]},"expression":"CATEGORYNAME"},{"@type":"fieldMap","id":"22698037","targetField":{"@type":"field","id":118639361,"name":"DESCRIPTION","type":"nstring","uniqueName":"DESCRIPTION","label":"DESCRIPTION","parentObject":"PC_LTF_FF_TGT.csv","pcType":"UNISTRING","precision":255,"scale":0,"columnIndex":2,"isKey":false,"isExternalId":false,"isSfIdLookup":false,"isNullable":true,"isUnique":false,"isCreateable":false,"isUpdateable":true,"isFilterable":true,"isCalculated":false,"showLabel":false,"naturalOrder":0,"linkedFields":["DESCRIPTION"],"relatedInfos":[],"references":[]},"expression":"DESCRIPTION"},{"@type":"fieldMap","id":"22698039","targetField":{"@type":"field","id":118639363,"name":"CurrentlyProcessedFileName","type":"nstring","uniqueName":"CurrentlyProcessedFileName","label":"CurrentlyProcessedFileName","parentObject":"PC_LTF_FF_TGT.csv","pcType":"UNISTRING","precision":255,"scale":0,"columnIndex":3,"isKey":false,"isExternalId":false,"isSfIdLookup":false,"isNullable":true,"isUnique":false,"isCreateable":false,"isUpdateable":true,"isFilterable":true,"isCalculated":false,"showLabel":false,"naturalOrder":0,"linkedFields":[],"relatedInfos":[],"references":[]}}],"sourceFields":[{"@type":"field","id":118639365,"name":"CATEGORYID","type":"nstring","uniqueName":"CATEGORYID","label":"CATEGORYID","parentObject":"PC_LTF_FF_SRC.csv","pcType":"UNISTRING","precision":255,"scale":0,"columnIndex":0,"isKey":false,"isExternalId":false,"isSfIdLookup":false,"isNullable":true,"isUnique":false,"isCreateable":false,"isUpdateable":true,"isFilterable":true,"isCalculated":false,"showLabel":false,"naturalOrder":0,"linkedFields":["CATEGORYID"],"relatedInfos":[],"references":[]},{"@type":"field","id":118639367,"name":"CATEGORYNAME","type":"nstring","uniqueName":"CATEGORYNAME","label":"CATEGORYNAME","parentObject":"PC_LTF_FF_SRC.csv","pcType":"UNISTRING","precision":255,"scale":0,"columnIndex":1,"isKey":false,"isExternalId":false,"isSfIdLookup":false,"isNullable":true,"isUnique":false,"isCreateable":false,"isUpdateable":true,"isFilterable":true,"isCalculated":false,"showLabel":false,"naturalOrder":0,"linkedFields":["CATEGORYNAME"],"relatedInfos":[],"references":[]},{"@type":"field","id":118639369,"name":"DESCRIPTION","type":"nstring","uniqueName":"DESCRIPTION","label":"DESCRIPTION","parentObject":"PC_LTF_FF_SRC.csv","pcType":"UNISTRING","precision":255,"scale":0,"columnIndex":2,"isKey":false,"isExternalId":false,"isSfIdLookup":false,"isNullable":true,"isUnique":false,"isCreateable":false,"isUpdateable":true,"isFilterable":true,"isCalculated":false,"showLabel":false,"naturalOrder":0,"linkedFields":["DESCRIPTION"],"relatedInfos":[],"references":[]}],"sortFields":[],"groupFields":[]}]