[{"@type":"workflow","id":"@1","name":"BulkUnlink_LTF_FF_FF","maxLogs":10,"references":[{"@type":"reference","refObjectId":"@7MmgZs0IbiabQ8hXATKCSy","refType":"mtTask"},{"@type":"reference","refObjectId":"@a88pPp5bpmVchu1ZCtRwmQ","refType":"dssTask"}],"tasks":[{"@type":"workflowTask","taskId":"@7MmgZs0IbiabQ8hXATKCSy","type":"MTT","name":"BulkUnlink_LTF_Mapping_Task","stopOnError":false,"stopOnWarning":false},{"@type":"workflowTask","taskId":"@a88pPp5bpmVchu1ZCtRwmQ","type":"DSS","name":"BulkUnlink_LTF_DSS_FF_FF","stopOnError":false,"stopOnWarning":false}]}]