[{"@type":"workflow","id":"@1","name":"BulkUnlink_LTF_FF_FF","maxLogs":10,"references":[{"@type":"reference","refObjectId":"@7x14CoU4eali8XfZ6TPLGy","refType":"mtTask"},{"@type":"reference","refObjectId":"@2xT7dqpmJdNkgyfROvj92I","refType":"dssTask"}],"tasks":[{"@type":"workflowTask","taskId":"@7x14CoU4eali8XfZ6TPLGy","type":"MTT","name":"BulkUnlink_LTF_Mapping_Task","stopOnError":false,"stopOnWarning":false},{"@type":"workflowTask","taskId":"@2xT7dqpmJdNkgyfROvj92I","type":"DSS","name":"BulkUnlink_LTF_DSS_FF_FF","stopOnError":false,"stopOnWarning":false}]}]