[{"@type":"workflow","id":"@1","name":"BulkUnlink_LTF_FF_FF","maxLogs":10,"references":[{"@type":"reference","refObjectId":"@jfO65SifFubl3yYsffWBaG","refType":"mtTask"},{"@type":"reference","refObjectId":"@hUNwCejz58JejXCi0t8Jim","refType":"dssTask"}],"tasks":[{"@type":"workflowTask","taskId":"@jfO65SifFubl3yYsffWBaG","type":"MTT","name":"BulkUnlink_LTF_Mapping_Task","stopOnError":false,"stopOnWarning":false},{"@type":"workflowTask","taskId":"@hUNwCejz58JejXCi0t8Jim","type":"DSS","name":"BulkUnlink_LTF_DSS_FF_FF","stopOnError":false,"stopOnWarning":false}]}]