[{"@type":"workflow","id":"@1","name":"BulkUnlink_LTF_FF_FF","maxLogs":10,"references":[{"@type":"reference","refObjectId":"@auun6lFOjN6fxctAuXwnYq","refType":"mtTask"},{"@type":"reference","refObjectId":"@iKCdvASyT80eiTNSIhtjeQ","refType":"dssTask"}],"tasks":[{"@type":"workflowTask","taskId":"@auun6lFOjN6fxctAuXwnYq","type":"MTT","name":"BulkUnlink_LTF_Mapping_Task","stopOnError":false,"stopOnWarning":false},{"@type":"workflowTask","taskId":"@iKCdvASyT80eiTNSIhtjeQ","type":"DSS","name":"BulkUnlink_LTF_DSS_FF_FF","stopOnError":false,"stopOnWarning":false}]}]