[{"@type":"workflow","id":"@1","name":"BulkUnlink_LTF_FF_FF","maxLogs":10,"references":[{"@type":"reference","refObjectId":"@35HaV3oUhpJjmNyun0BjmJ","refType":"mtTask"},{"@type":"reference","refObjectId":"@kMKs6tLMniQj8cwXFecJqD","refType":"dssTask"}],"tasks":[{"@type":"workflowTask","taskId":"@35HaV3oUhpJjmNyun0BjmJ","type":"MTT","name":"BulkUnlink_LTF_Mapping_Task","stopOnError":false,"stopOnWarning":false},{"@type":"workflowTask","taskId":"@kMKs6tLMniQj8cwXFecJqD","type":"DSS","name":"BulkUnlink_LTF_DSS_FF_FF","stopOnError":false,"stopOnWarning":false}]}]