[{"@type":"workflow","id":"@1","name":"BulkUnlink_LTF_FF_FF","maxLogs":10,"references":[{"@type":"reference","refObjectId":"@72ZSI278Zr8lgTmAxVYA6A","refType":"mtTask"},{"@type":"reference","refObjectId":"@3eAIEPsQv9vkTuW6rNmCQ8","refType":"dssTask"}],"tasks":[{"@type":"workflowTask","taskId":"@72ZSI278Zr8lgTmAxVYA6A","type":"MTT","name":"BulkUnlink_LTF_Mapping_Task","stopOnError":false,"stopOnWarning":false},{"@type":"workflowTask","taskId":"@3eAIEPsQv9vkTuW6rNmCQ8","type":"DSS","name":"BulkUnlink_LTF_DSS_FF_FF","stopOnError":false,"stopOnWarning":false}]}]