[{"@type":"workflow","id":"@1","name":"BulkUnlink_LTF_FF_FF","maxLogs":10,"references":[{"@type":"reference","refObjectId":"@45KySh4OiAEfgrKwmlohKf","refType":"mtTask"},{"@type":"reference","refObjectId":"@1qYVnjMQRsTjWbZZQIuZi1","refType":"dssTask"}],"tasks":[{"@type":"workflowTask","taskId":"@45KySh4OiAEfgrKwmlohKf","type":"MTT","name":"BulkUnlink_LTF_Mapping_Task","stopOnError":false,"stopOnWarning":false},{"@type":"workflowTask","taskId":"@1qYVnjMQRsTjWbZZQIuZi1","type":"DSS","name":"BulkUnlink_LTF_DSS_FF_FF","stopOnError":false,"stopOnWarning":false}]}]